{"attr":{"title":"赵智淼专用"},"content_PC":{"pages":[]},"content_Mobile":{"pages":[{"attr":{"title":"主页面","orientation":"水平"},"type":"M_Page","id":"M_Page_0","children":[{"attr":{"text":"sdfdf"},"type":"M_Label","id":"M_Label_0"}]}]},"dataMaster":{"BP_sql_arr":[{"code":"cusDBE13","retNodeId":"select_0","name":"dfsdfsdf","type":"表值","editorLeft":734,"editorTop":735,"variables_arr":[{"id":"def_variable_0","type":"def_variable","left":0,"top":0,"name":"员工代码","valType":"int","size_1":0,"size_2":0,"isParam":0}],"nodes_arr":[{"id":"select_0","type":"select","left":-220,"top":-490,"title":"返回表","editorLeft":234,"editorTop":276,"inputScokets_arr":[{"name":"in","isIn":true,"id":"select_0$in","type":"table"}],"outputScokets_arr":[{"name":"out","isIn":false,"id":"select_0$out","type":"table"}],"nodes_arr":[{"id":"ret_columns_0","type":"ret_columns","left":70,"top":0,"topValue":"4%","inputScokets_arr":[{"name":"in8","isIn":true,"id":"ret_columns_0$in8","type":"scalar","extra":{"alias":"序号"}},{"name":"in5","isIn":true,"id":"ret_columns_0$in5","type":"scalar","extra":{"alias":"testcode"}},{"name":"in10","isIn":true,"id":"ret_columns_0$in10","type":"scalar"},{"name":"in11","isIn":true,"id":"ret_columns_0$in11","type":"scalar"},{"name":"in12","isIn":true,"id":"ret_columns_0$in12","type":"scalar"},{"name":"in9","isIn":true,"id":"ret_columns_0$in9","type":"scalar"},{"name":"in14","isIn":true,"id":"ret_columns_0$in14","type":"scalar"},{"name":"in15","isIn":true,"id":"ret_columns_0$in15","type":"scalar"},{"name":"in13","isIn":true,"id":"ret_columns_0$in13","type":"scalar"}]},{"id":"ret_condition_0","type":"ret_condition","left":930,"top":-270,"inputScokets_arr":[{"name":"in","isIn":true,"id":"ret_condition_0$in","type":"boolean"}]},{"id":"ret_order_0","type":"ret_order","left":990,"top":350,"inputScokets_arr":[{"name":"in0","isIn":true,"id":"ret_order_0$in0","type":"scalar"},{"name":"in1","isIn":true,"id":"ret_order_0$in1","type":"scalar","extra":{"orderType":"desc"}}]},{"id":"constvalue_1","type":"constvalue","left":-196,"top":116,"outputScokets_arr":[{"name":"out","isIn":false,"id":"constvalue_1$out","defval":"56","type":"scalar"}]},{"id":"compare_0","type":"compare","left":720,"top":-390,"operator":"=","inputScokets_arr":[{"name":"in0","isIn":true,"id":"compare_0$in0","type":"scalar"},{"name":"in1","isIn":true,"id":"compare_0$in1","defval":"17","type":"scalar"}],"outputScokets_arr":[{"name":"out","isIn":false,"id":"compare_0$out","type":"boolean"}]},{"id":"column_10","type":"column","left":-320,"top":268,"tableName":"T100A员工登记姓名","tableCode":126,"columnName":"员工登记姓名","outputScokets_arr":[{"name":"out","isIn":false,"id":"column_10$out","type":"varchar"}]},{"id":"column_11","type":"column","left":-320,"top":154,"tableName":"T100A员工登记姓名","tableCode":126,"columnName":"身份证件地址","outputScokets_arr":[{"name":"out","isIn":false,"id":"column_11$out","type":"varchar"}]},{"id":"column_0","type":"column","left":-276,"top":192,"tableAlias":"考勤某日","tableName":"FT101C考勤记录某日","tableCode":1506,"columnName":"员工登记姓名代码","outputScokets_arr":[{"name":"out","isIn":false,"id":"column_0$out"}]},{"id":"column_1","type":"column","left":-244,"top":230,"tableAlias":"考勤某日","tableName":"FT101C考勤记录某日","tableCode":1506,"columnName":"考勤登记日期","outputScokets_arr":[{"name":"out","isIn":false,"id":"column_1$out"}]},{"id":"column_2","type":"column","left":-244,"top":382,"tableAlias":"考勤某日","tableName":"FT101C考勤记录某日","tableCode":1506,"columnName":"考勤登记种类","outputScokets_arr":[{"name":"out","isIn":false,"id":"column_2$out"}]},{"id":"column_6","type":"column","left":-244,"top":306,"tableAlias":"考勤某日","tableName":"FT101C考勤记录某日","tableCode":1506,"columnName":"考勤登记时间","outputScokets_arr":[{"name":"out","isIn":false,"id":"column_6$out"}]},{"id":"column_7","type":"column","left":-276,"top":344,"tableAlias":"考勤某日","tableName":"FT101C考勤记录某日","tableCode":1506,"columnName":"考勤登记地点代码","outputScokets_arr":[{"name":"out","isIn":false,"id":"column_7$out"}]},{"id":"column_3","type":"column","left":630,"top":390,"tableAlias":"考勤某日","tableName":"FT101C考勤记录某日","tableCode":1506,"columnName":"员工登记姓名代码","outputScokets_arr":[{"name":"out","isIn":false,"id":"column_3$out"}]},{"id":"column_4","type":"column","left":660,"top":430,"tableAlias":"考勤某日","tableName":"FT101C考勤记录某日","tableCode":1506,"columnName":"考勤登记时间","outputScokets_arr":[{"name":"out","isIn":false,"id":"column_4$out"}]},{"id":"column_5","type":"column","left":420,"top":-330,"tableAlias":"考勤某日","tableName":"FT101C考勤记录某日","tableCode":1506,"columnName":"员工登记姓名代码","outputScokets_arr":[{"name":"out","isIn":false,"id":"column_5$out"}]},{"id":"var_get_0","type":"var_get","left":484,"top":-235,"varName":"员工代码","outputScokets_arr":[{"name":"out","isIn":false,"id":"var_get_0$out","defval":null,"type":"int"}]},{"id":"rownumber_0","type":"rownumber","left":-110,"top":-170,"inputScokets_arr":[{"name":"in0","isIn":true,"id":"rownumber_0$in0","type":"scalar"},{"name":"in1","isIn":true,"id":"rownumber_0$in1","type":"scalar","extra":{"orderType":"desc"}}],"outputScokets_arr":[{"name":"out","isIn":false,"id":"rownumber_0$out","type":"scalar"}]},{"id":"column_12","type":"column","left":-450,"top":-140,"tableAlias":"考勤某日","tableName":"FT101C考勤记录某日","tableCode":1506,"columnName":"员工登记姓名代码","outputScokets_arr":[{"name":"out","isIn":false,"id":"column_12$out"}]},{"id":"column_13","type":"column","left":-420,"top":-90,"tableAlias":"考勤某日","tableName":"FT101C考勤记录某日","tableCode":1506,"columnName":"考勤登记时间","outputScokets_arr":[{"name":"out","isIn":false,"id":"column_13$out"}]}]},{"id":"noperand_0","type":"noperand","left":-430,"top":-150,"operator":"+","inputScokets_arr":[{"name":"in0","isIn":true,"id":"noperand_0$in0","defval":"1","type":"scalar"},{"name":"in1","isIn":true,"id":"noperand_0$in1","defval":"2","type":"scalar"}],"outputScokets_arr":[{"name":"out","isIn":false,"id":"noperand_0$out","type":"scalar"}]},{"id":"dbEntity_0","type":"dbEntity","left":-870,"top":-720,"title":"考勤某日","targetEntity":"dbe-1506","inputScokets_arr":[{"name":"@targetDate","isIn":true,"id":"dbEntity_0$@targetDate","defval":"2018-12-1","type":"scalar"}],"outputScokets_arr":[{"name":"out","isIn":false,"id":"dbEntity_0$out","type":"table"}]},{"id":"constvalue_0","type":"constvalue","left":-640,"top":-170,"outputScokets_arr":[{"name":"out","isIn":false,"id":"constvalue_0$out","defval":"2018-8-2","type":"scalar"}]},{"id":"dbEntity_1","type":"dbEntity","left":-830,"top":-500,"targetEntity":"dbe-126","outputScokets_arr":[{"name":"out","isIn":false,"id":"dbEntity_1$out","type":"table"}]}],"links_arr":[{"inSocketID":"ret_columns_0$in5","outSocketID":"constvalue_1$out"},{"inSocketID":"ret_condition_0$in","outSocketID":"compare_0$out"},{"inSocketID":"ret_columns_0$in9","outSocketID":"column_10$out"},{"inSocketID":"ret_columns_0$in10","outSocketID":"column_11$out"},{"inSocketID":"ret_condition_1$in","outSocketID":"compare_1$out"},{"inSocketID":"compare_1$in1","outSocketID":"column_9$out"},{"inSocketID":"compare_1$in0","outSocketID":"column_8$out"},{"inSocketID":"ret_columns_0$in11","outSocketID":"column_0$out"},{"inSocketID":"ret_columns_0$in12","outSocketID":"column_1$out"},{"inSocketID":"ret_columns_0$in13","outSocketID":"column_2$out"},{"inSocketID":"ret_columns_0$in14","outSocketID":"column_6$out"},{"inSocketID":"ret_columns_0$in15","outSocketID":"column_7$out"},{"inSocketID":"ret_order_0$in0","outSocketID":"column_3$out"},{"inSocketID":"ret_order_0$in1","outSocketID":"column_4$out"},{"inSocketID":"compare_0$in0","outSocketID":"column_5$out"},{"inSocketID":"compare_0$in1","outSocketID":"var_get_0$out"},{"inSocketID":"ret_columns_0$in8","outSocketID":"rownumber_0$out"},{"inSocketID":"rownumber_0$in0","outSocketID":"column_12$out"},{"inSocketID":"rownumber_0$in1","outSocketID":"column_13$out"}]},{"code":"cusDBE46","retNodeId":"select_0","name":"test3333","type":"表值","editorLeft":419,"editorTop":147,"nodes_arr":[{"id":"select_0","type":"select","left":160,"top":-100,"title":"返回表","editorLeft":412,"editorTop":135,"inputScokets_arr":[{"name":"in","isIn":true,"id":"select_0$in","type":"table"}],"outputScokets_arr":[{"name":"out","isIn":false,"id":"select_0$out","type":"table"}],"nodes_arr":[{"id":"ret_columns_0","type":"ret_columns","left":150,"top":-160,"inputScokets_arr":[{"name":"in0","isIn":true,"id":"ret_columns_0$in0","type":"scalar"},{"name":"in1","isIn":true,"id":"ret_columns_0$in1","type":"scalar"},{"name":"in5","isIn":true,"id":"ret_columns_0$in5","type":"scalar","extra":{"alias":"考勤地点代码2"}}]},{"id":"ret_condition_0","type":"ret_condition","left":440,"top":-380,"inputScokets_arr":[{"name":"in","isIn":true,"id":"ret_condition_0$in","type":"boolean"}]},{"id":"ret_order_0","type":"ret_order","left":400,"top":0},{"id":"column_2","type":"column","left":-320,"top":-300,"tableName":"V113A名册员工全部","tableCode":309,"columnName":"员工登记姓名代码","outputScokets_arr":[{"name":"out","isIn":false,"id":"column_2$out","type":"int"}]},{"id":"isnulloperator_0","type":"isnulloperator","left":30,"top":-330,"inputScokets_arr":[{"name":"in0","isIn":true,"id":"isnulloperator_0$in0","type":"scalar"}],"outputScokets_arr":[{"name":"out","isIn":false,"id":"isnulloperator_0$out","type":"scalar"}]},{"id":"column_3","type":"column","left":-242,"top":-82,"tableName":"V113A名册员工全部","tableCode":309,"columnName":"员工登记姓名","outputScokets_arr":[{"name":"out","isIn":false,"id":"column_3$out","type":"varchar"}]},{"id":"column_4","type":"column","left":-248,"top":-44,"tableName":"FT101C考勤记录某日","tableCode":1506,"columnName":"考勤登记日期","outputScokets_arr":[{"name":"out","isIn":false,"id":"column_4$out"}]},{"id":"column_5","type":"column","left":-370,"top":-220,"tableName":"FT101C考勤记录某日","tableCode":1506,"columnName":"考勤登记时间","outputScokets_arr":[{"name":"out","isIn":false,"id":"column_5$out"}]},{"id":"isnullfun_0","type":"isnullfun","left":-150,"top":10,"inputScokets_arr":[{"name":"in0","isIn":true,"id":"isnullfun_0$in0","type":"scalar"},{"name":"in1","isIn":true,"id":"isnullfun_0$in1","defval":"-1","type":"scalar"}],"outputScokets_arr":[{"name":"out","isIn":false,"id":"isnullfun_0$out","type":"scalar"}]},{"id":"column_6","type":"column","left":-530,"top":40,"tableName":"FT101C考勤记录某日","tableCode":1506,"columnName":"考勤登记地点代码","outputScokets_arr":[{"name":"out","isIn":false,"id":"column_6$out"}]},{"id":"column_7","type":"column","left":-390,"top":-170,"tableName":"FT101C考勤记录某日","tableCode":1506,"columnName":"考勤登记地点代码","outputScokets_arr":[{"name":"out","isIn":false,"id":"column_7$out"}]}]},{"id":"dbEntity_0","type":"dbEntity","left":-510,"top":-40,"targetEntity":"dbe-1506","inputScokets_arr":[{"name":"@targetDate","isIn":true,"id":"dbEntity_0$@targetDate","defval":"2018-12-8","type":"scalar"}],"outputScokets_arr":[{"name":"out","isIn":false,"id":"dbEntity_0$out","type":"table"}]},{"id":"dbEntity_1","type":"dbEntity","left":-490,"top":-240,"targetEntity":"dbe-309","outputScokets_arr":[{"name":"out","isIn":false,"id":"dbEntity_1$out","type":"table"}]},{"id":"xjion_0","type":"xjion","left":-140,"top":-160,"editorLeft":-13,"editorTop":378,"joinType":"left join","inputScokets_arr":[{"name":"in0","isIn":true,"id":"xjion_0$in0","type":"table"},{"name":"in1","isIn":true,"id":"xjion_0$in1","type":"table"}],"outputScokets_arr":[{"name":"out","isIn":false,"id":"xjion_0$out","type":"table"}],"nodes_arr":[{"id":"ret_condition_1","type":"ret_condition","left":340,"top":-160,"inputScokets_arr":[{"name":"in","isIn":true,"id":"ret_condition_1$in","type":"boolean"}]},{"id":"column_0","type":"column","left":-310,"top":-200,"tableName":"V113A名册员工全部","tableCode":309,"columnName":"员工登记姓名代码","outputScokets_arr":[{"name":"out","isIn":false,"id":"column_0$out","type":"int"}]},{"id":"column_1","type":"column","left":-310,"top":-150,"tableName":"FT101C考勤记录某日","tableCode":1506,"columnName":"员工登记姓名代码","outputScokets_arr":[{"name":"out","isIn":false,"id":"column_1$out"}]},{"id":"compare_0","type":"compare","left":50,"top":-210,"operator":"=","inputScokets_arr":[{"name":"in0","isIn":true,"id":"compare_0$in0","type":"scalar"},{"name":"in1","isIn":true,"id":"compare_0$in1","type":"scalar"}],"outputScokets_arr":[{"name":"out","isIn":false,"id":"compare_0$out","type":"boolean"}]}]},{"id":"cast_0","type":"cast","left":-210,"top":130,"inputScokets_arr":[{"name":"in","isIn":true,"id":"cast_0$in","type":"table","extra":{"valType":"decimal","size1":"3","size2":"2"}}],"outputScokets_arr":[{"name":"out","isIn":false,"id":"cast_0$out","type":"boolean"}]}],"links_arr":[{"inSocketID":"xjion_0$in0","outSocketID":"dbEntity_1$out"},{"inSocketID":"xjion_0$in1","outSocketID":"dbEntity_0$out"},{"inSocketID":"compare_0$in0","outSocketID":"column_0$out"},{"inSocketID":"compare_0$in1","outSocketID":"column_1$out"},{"inSocketID":"ret_condition_1$in","outSocketID":"compare_0$out"},{"inSocketID":"select_0$in","outSocketID":"xjion_0$out"},{"inSocketID":"isnulloperator_0$in0","outSocketID":"column_2$out"},{"inSocketID":"ret_columns_0$in0","outSocketID":"column_3$out"},{"inSocketID":"ret_columns_0$in1","outSocketID":"column_4$out"},{"inSocketID":"isnullfun_0$in0","outSocketID":"column_6$out"},{"inSocketID":"ret_columns_0$in5","outSocketID":"isnullfun_0$out"}]}]}}