{"attr":{"title":"系统方案管理"},"lastEditingPageID":"M_Page_0","content_PC":{"pages":[]},"content_Mobile":{"pages":[{"attr":{"title":"新增方案","ismain":true},"type":"M_Page","id":"M_Page_0","children":[{"attr":{"processtable":12518},"type":"M_Form","id":"M_Form_0","children":[{"attr":{"textfield":"系统方案名称"},"type":"M_LC","id":"M_LC_0","editor":{"attr":{"textfield":"系统方案名称"},"type":"M_Text","id":"M_Text_0"}},{"attr":{"textfield":"系统流程名称","editortype":"M_Dropdown","interactivefield":"系统流程名称代码"},"type":"M_LC","id":"M_LC_1","editor":{"attr":{"datasource":12519,"fromtextfield":"系统流程名称","fromvaluefield":"系统流程名称代码","textfield":"系统流程名称","valuefield":"系统流程名称代码"},"type":"M_Dropdown","id":"M_Dropdown_0"}},{"attr":{"textfield":"是否列表可见","editortype":"M_CheckBox"},"type":"M_LC","id":"M_LC_2","editor":{"attr":{"textfield":"是否列表可见","defaultvalue":"1"},"type":"M_CheckBox","id":"M_CheckBox_0"}},{"attr":{"textfield":"移动端LN","editortype":"M_Dropdown"},"type":"M_LC","id":"M_LC_3","editor":{"attr":{"datasource":"sqlBP_4","fromtextfield":"模板名称","textfield":"移动端LN"},"type":"M_Dropdown","id":"M_Dropdown_1"}},{"attr":{"textfield":"桌面端LN","editortype":"M_Dropdown"},"type":"M_LC","id":"M_LC_4","editor":{"attr":{"datasource":"sqlBP_4","fromtextfield":"模板名称","textfield":"桌面端LN"},"type":"M_Dropdown","id":"M_Dropdown_2"}},{"attr":{"name":"登记确认"},"type":"button","id":"button_0"}]}]}]},"dataMaster":{"BP_sql_arr":[{"code":"sqlBP_0","retNodeId":"select_0","name":"M_Form_0_customdatasource","type":"表值","group":"ctlcus","nodes_arr":[{"id":"select_0","type":"select","left":0,"top":0,"title":"返回表","editorLeft":516,"editorTop":-11,"inputScokets_arr":[{"name":"in","isIn":true,"id":"select_0$in","type":"table"}],"nodes_arr":[{"id":"ret_columns_0","type":"ret_columns","left":-10,"top":30,"inputScokets_arr":[{"name":"in1","isIn":true,"id":"ret_columns_0$in1","type":"scalar"},{"name":"in3","isIn":true,"id":"ret_columns_0$in3","type":"scalar"},{"name":"in6","isIn":true,"id":"ret_columns_0$in6","type":"scalar"},{"name":"in19","isIn":true,"id":"ret_columns_0$in19","type":"scalar"},{"name":"in20","isIn":true,"id":"ret_columns_0$in20","type":"scalar"}]},{"id":"ret_condition_0","type":"ret_condition","left":300,"top":130,"inputScokets_arr":[{"name":"in","isIn":true,"id":"ret_condition_0$in","type":"boolean"}]},{"id":"ret_order_0","type":"ret_order","left":500,"top":140},{"id":"ret_group_0","type":"ret_group","left":520,"top":-120},{"id":"ret_having_0","type":"ret_having","left":550,"top":20,"inputScokets_arr":[{"name":"in","isIn":true,"id":"ret_having_0$in","type":"boolean"}]},{"id":"column_1","type":"column","left":-453,"top":184,"tableName":"V002C系统方案名称","tableCode":12520,"columnName":"系统方案名称","outputScokets_arr":[{"name":"out","isIn":false,"id":"column_1$out","type":"varchar"}]},{"id":"column_3","type":"column","left":-458,"top":260,"tableName":"V002C系统方案名称","tableCode":12520,"columnName":"系统流程名称代码","outputScokets_arr":[{"name":"out","isIn":false,"id":"column_3$out","type":"int"}]},{"id":"column_6","type":"column","left":-426,"top":374,"tableName":"V002C系统方案名称","tableCode":12520,"columnName":"是否列表可见","outputScokets_arr":[{"name":"out","isIn":false,"id":"column_6$out","type":"bit"}]},{"id":"column_19","type":"column","left":-424,"top":868,"tableName":"V002C系统方案名称","tableCode":12520,"columnName":"桌面端LN","outputScokets_arr":[{"name":"out","isIn":false,"id":"column_19$out","type":"varchar"}]},{"id":"column_20","type":"column","left":-424,"top":906,"tableName":"V002C系统方案名称","tableCode":12520,"columnName":"移动端LN","outputScokets_arr":[{"name":"out","isIn":false,"id":"column_20$out","type":"varchar"}]}]},{"id":"dbEntity_0","type":"dbEntity","left":-300,"top":0,"outputScokets_arr":[{"name":"out","isIn":false,"id":"dbEntity_0$out","type":"table"}]}],"links_arr":[{"inSocketID":"select_0$in","outSocketID":"dbEntity_0$out"},{"inSocketID":"ret_columns_0$in1","outSocketID":"column_1$out"},{"inSocketID":"ret_columns_0$in3","outSocketID":"column_3$out"},{"inSocketID":"ret_columns_0$in6","outSocketID":"column_6$out"},{"inSocketID":"ret_columns_0$in19","outSocketID":"column_19$out"},{"inSocketID":"ret_columns_0$in20","outSocketID":"column_20$out"}]},{"code":"sqlBP_1","retNodeId":"select_0","name":"M_Dropdown_0_customdatasource","type":"表值","group":"ctlcus","nodes_arr":[{"id":"select_0","type":"select","left":0,"top":0,"title":"返回表","inputScokets_arr":[{"name":"in","isIn":true,"id":"select_0$in","type":"table"}],"nodes_arr":[{"id":"ret_columns_0","type":"ret_columns","left":100,"top":0,"distChecked":null,"inputScokets_arr":[{"name":"in0","isIn":true,"id":"ret_columns_0$in0","type":"scalar"},{"name":"in1","isIn":true,"id":"ret_columns_0$in1","type":"scalar"}]},{"id":"ret_condition_0","type":"ret_condition","left":250,"top":0,"inputScokets_arr":[{"name":"in","isIn":true,"id":"ret_condition_0$in","type":"boolean"}]},{"id":"ret_order_0","type":"ret_order","left":300,"top":0,"inputScokets_arr":[{"name":"in0","isIn":true,"id":"ret_order_0$in0","type":"scalar"}]},{"id":"ret_group_0","type":"ret_group","left":400,"top":0},{"id":"ret_having_0","type":"ret_having","left":500,"top":0,"inputScokets_arr":[{"name":"in","isIn":true,"id":"ret_having_0$in","type":"boolean"}]},{"id":"column_0","type":"column","left":-300,"top":150,"tableCode":12519,"columnName":"系统流程名称","outputScokets_arr":[{"name":"out","isIn":false,"id":"column_0$out","type":"varchar"}]},{"id":"column_1","type":"column","left":0,"top":50,"tableCode":12519,"columnName":"系统流程名称","outputScokets_arr":[{"name":"out","isIn":false,"id":"column_1$out","type":"varchar"}]},{"id":"column_2","type":"column","left":-300,"top":200,"tableCode":12519,"columnName":"系统流程名称代码","outputScokets_arr":[{"name":"out","isIn":false,"id":"column_2$out","type":"int"}]}]},{"id":"dbEntity_0","type":"dbEntity","left":-300,"top":0,"targetEntity":"dbe-12519","outputScokets_arr":[{"name":"out","isIn":false,"id":"dbEntity_0$out","type":"table"}]}],"links_arr":[{"inSocketID":"select_0$in","outSocketID":"dbEntity_0$out"},{"inSocketID":"ret_columns_0$in0","outSocketID":"column_0$out"},{"inSocketID":"ret_order_0$in0","outSocketID":"column_1$out"},{"inSocketID":"ret_columns_0$in1","outSocketID":"column_2$out"}]},{"code":"sqlBP_2","retNodeId":"select_0","name":"M_Dropdown_1_customdatasource","type":"表值","group":"ctlcus","nodes_arr":[{"id":"select_0","type":"select","left":0,"top":0,"title":"返回表","inputScokets_arr":[{"name":"in","isIn":true,"id":"select_0$in","type":"table"}],"nodes_arr":[{"id":"ret_columns_0","type":"ret_columns","left":100,"top":0,"distChecked":null,"inputScokets_arr":[{"name":"in0","isIn":true,"id":"ret_columns_0$in0","type":"scalar"}]},{"id":"ret_condition_0","type":"ret_condition","left":250,"top":0,"inputScokets_arr":[{"name":"in","isIn":true,"id":"ret_condition_0$in","type":"boolean"}]},{"id":"ret_order_0","type":"ret_order","left":300,"top":0,"inputScokets_arr":[{"name":"in0","isIn":true,"id":"ret_order_0$in0","type":"scalar"}]},{"id":"ret_group_0","type":"ret_group","left":400,"top":0},{"id":"ret_having_0","type":"ret_having","left":500,"top":0,"inputScokets_arr":[{"name":"in","isIn":true,"id":"ret_having_0$in","type":"boolean"}]},{"id":"column_0","type":"column","left":-300,"top":150,"tableName":"移动端模板","tableCode":"sqlBP_4","columnName":"模板名称","outputScokets_arr":[{"name":"out","isIn":false,"id":"column_0$out","type":"nvarchar"}]},{"id":"column_1","type":"column","left":0,"top":50,"tableName":"移动端模板","tableCode":"sqlBP_4","columnName":"模板名称","outputScokets_arr":[{"name":"out","isIn":false,"id":"column_1$out","type":"nvarchar"}]}]},{"id":"dbEntity_0","type":"dbEntity","left":-300,"top":0,"targetEntity":"dbe-sqlBP_4","outputScokets_arr":[{"name":"out","isIn":false,"id":"dbEntity_0$out","type":"table"}]}],"links_arr":[{"inSocketID":"select_0$in","outSocketID":"dbEntity_0$out"},{"inSocketID":"ret_columns_0$in0","outSocketID":"column_0$out"},{"inSocketID":"ret_order_0$in0","outSocketID":"column_1$out"}]},{"code":"sqlBP_3","retNodeId":"select_0","name":"M_Dropdown_2_customdatasource","type":"表值","group":"ctlcus","nodes_arr":[{"id":"select_0","type":"select","left":0,"top":0,"title":"返回表","inputScokets_arr":[{"name":"in","isIn":true,"id":"select_0$in","type":"table"}],"nodes_arr":[{"id":"ret_columns_0","type":"ret_columns","left":100,"top":0,"distChecked":null,"inputScokets_arr":[{"name":"in0","isIn":true,"id":"ret_columns_0$in0","type":"scalar"}]},{"id":"ret_condition_0","type":"ret_condition","left":250,"top":0,"inputScokets_arr":[{"name":"in","isIn":true,"id":"ret_condition_0$in","type":"boolean"}]},{"id":"ret_order_0","type":"ret_order","left":300,"top":0,"inputScokets_arr":[{"name":"in0","isIn":true,"id":"ret_order_0$in0","type":"scalar"}]},{"id":"ret_group_0","type":"ret_group","left":400,"top":0},{"id":"ret_having_0","type":"ret_having","left":500,"top":0,"inputScokets_arr":[{"name":"in","isIn":true,"id":"ret_having_0$in","type":"boolean"}]},{"id":"column_0","type":"column","left":-300,"top":150,"tableName":"移动端模板","tableCode":"sqlBP_4","columnName":"模板名称","outputScokets_arr":[{"name":"out","isIn":false,"id":"column_0$out","type":"nvarchar"}]},{"id":"column_1","type":"column","left":0,"top":50,"tableName":"移动端模板","tableCode":"sqlBP_4","columnName":"模板名称","outputScokets_arr":[{"name":"out","isIn":false,"id":"column_1$out","type":"nvarchar"}]}]},{"id":"dbEntity_0","type":"dbEntity","left":-300,"top":0,"targetEntity":"dbe-sqlBP_4","outputScokets_arr":[{"name":"out","isIn":false,"id":"dbEntity_0$out","type":"table"}]}],"links_arr":[{"inSocketID":"select_0$in","outSocketID":"dbEntity_0$out"},{"inSocketID":"ret_columns_0$in0","outSocketID":"column_0$out"},{"inSocketID":"ret_order_0$in0","outSocketID":"column_1$out"}]},{"code":"sqlBP_4","retNodeId":"select_0","name":"移动端模板","type":"表值","group":"custom","editorLeft":251,"editorTop":185,"nodes_arr":[{"id":"select_0","type":"select","left":0,"top":0,"title":"返回表","editorLeft":367,"editorTop":108,"inputScokets_arr":[{"name":"in","isIn":true,"id":"select_0$in","type":"table"}],"nodes_arr":[{"id":"ret_columns_0","type":"ret_columns","left":-20,"top":-10,"inputScokets_arr":[{"name":"in0","isIn":true,"id":"ret_columns_0$in0","type":"scalar","extra":{"alias":"模板名称"}}]},{"id":"ret_condition_0","type":"ret_condition","left":250,"top":0,"inputScokets_arr":[{"name":"in","isIn":true,"id":"ret_condition_0$in","type":"boolean"}]},{"id":"ret_order_0","type":"ret_order","left":300,"top":0},{"id":"ret_group_0","type":"ret_group","left":400,"top":0},{"id":"ret_having_0","type":"ret_having","left":500,"top":0,"inputScokets_arr":[{"name":"in","isIn":true,"id":"ret_having_0$in","type":"boolean"}]},{"id":"constvalue_0","type":"constvalue","left":-330,"top":50,"outputScokets_arr":[{"name":"out","isIn":false,"id":"constvalue_0$out","type":"scalar","defval":"erppagetype_MA"}]}]}],"links_arr":[{"inSocketID":"ret_columns_0$in0","outSocketID":"constvalue_0$out"}]},{"code":"sqlBP_5","retNodeId":"select_0","name":"桌面端模板","type":"表值","group":"custom","editorLeft":247,"editorTop":234,"nodes_arr":[{"id":"select_0","type":"select","left":0,"top":0,"title":"返回表","editorLeft":276,"editorTop":175,"inputScokets_arr":[{"name":"in","isIn":true,"id":"select_0$in","type":"table"}],"nodes_arr":[{"id":"ret_columns_0","type":"ret_columns","left":100,"top":0,"inputScokets_arr":[{"name":"in0","isIn":true,"id":"ret_columns_0$in0","type":"scalar","extra":{"alias":"1"}}]},{"id":"ret_condition_0","type":"ret_condition","left":250,"top":0,"inputScokets_arr":[{"name":"in","isIn":true,"id":"ret_condition_0$in","type":"boolean"}]},{"id":"ret_order_0","type":"ret_order","left":300,"top":0},{"id":"ret_group_0","type":"ret_group","left":400,"top":0},{"id":"ret_having_0","type":"ret_having","left":500,"top":0,"inputScokets_arr":[{"name":"in","isIn":true,"id":"ret_having_0$in","type":"boolean"}]},{"id":"constvalue_0","type":"constvalue","left":-140,"top":100,"outputScokets_arr":[{"name":"out","isIn":false,"id":"constvalue_0$out","type":"scalar","defval":"1"}]}]}],"links_arr":[{"inSocketID":"ret_columns_0$in0","outSocketID":"constvalue_0$out"}]}]},"scriptMaster":{"blueprints_arr":[{"code":"scriptBP_0","startNodeId":"start_0","name":"button_0_onclick","type":"client","group":"ctlevent","ctlID":"button_0","editorLeft":-4,"editorTop":250,"nodes_arr":[{"id":"start_0","type":"start","left":-10,"top":-90,"outFlowSocket":{"name":"flow_o","isIn":false,"id":"start_0$flow_o","type":"flow"}},{"id":"insert_table_0","type":"insert_table","left":190,"top":-90,"dsCode":"12518","outputScokets_arr":[{"name":"identity","isIn":false,"id":"insert_table_0$identity","type":"int"},{"name":"err","isIn":false,"id":"insert_table_0$err","type":"string"}],"outFlowSockets_arr":[{"name":"sucess","isIn":false,"id":"insert_table_0$sucess","type":"flow"},{"name":"fail","isIn":false,"id":"insert_table_0$fail","type":"flow"},{"name":"serverSucess","isIn":false,"id":"insert_table_0$serverSucess","type":"flow"},{"name":"serverFail","isIn":false,"id":"insert_table_0$serverFail","type":"flow"}],"inFlowSocket":{"name":"flow_i","isIn":true,"id":"insert_table_0$flow_i","type":"flow"}},{"id":"freshform_0","type":"freshform","left":510,"top":20,"inputScokets_arr":[{"name":"in","isIn":true,"id":"freshform_0$in","type":"st_ctlkernel"}],"inFlowSocket":{"name":"flow_i","isIn":true,"id":"freshform_0$flow_i","type":"flow"},"outFlowSocket":{"name":"flow_o","isIn":false,"id":"freshform_0$flow_o","type":"flow"}},{"id":"callonfetchend_0","type":"callonfetchend","left":780,"top":20,"inputScokets_arr":[{"name":"indata","isIn":true,"id":"callonfetchend_0$indata","type":"任意"},{"name":"inerror","isIn":true,"id":"callonfetchend_0$inerror","type":"Object"}],"inFlowSocket":{"name":"flow_i","isIn":true,"id":"callonfetchend_0$flow_i","type":"flow"}}],"links_arr":[{"inSocketID":"insert_table_0$flow_i","outSocketID":"start_0$flow_o"},{"inSocketID":"freshform_0$flow_i","outSocketID":"insert_table_0$sucess"},{"inSocketID":"callonfetchend_0$flow_i","outSocketID":"freshform_0$flow_o"},{"inSocketID":"callonfetchend_0$indata","outSocketID":"insert_table_0$identity"}]}]}}