{"attr":{"title":"未命名方案"},"content_PC":{"pages":[]},"content_Mobile":{"pages":[{"attr":{"title":"主页面","ismain":true},"type":"M_Page","id":"M_Page_0","children":[]}]},"dataMaster":{"BP_sql_arr":[]},"scriptMaster":{"blueprints_arr":[{"code":"scriptBP_0","startNodeId":"start_0","name":"testOne","type":"server","group":"custom","editorLeft":-188,"editorTop":729,"variables_arr":[{"id":"def_variable_0","type":"def_variable","left":0,"top":0,"name":"ret_1","valType":"string","isParam":0,"default":"1"},{"id":"def_variable_1","type":"def_variable","left":0,"top":0,"name":"pVal_1","valType":"int","isParam":"1","default":"0"}],"nodes_arr":[{"id":"var_set_2","type":"var_set","left":300,"top":30,"varName":"ret_1","inputScokets_arr":[{"name":"in","isIn":true,"id":"var_set_2$in","type":"string"}],"outputScokets_arr":[{"name":"out","isIn":false,"id":"var_set_2$out","type":"string"}],"inFlowSocket":{"name":"flow_i","isIn":true,"id":"var_set_2$flow_i","type":"flow"},"outFlowSocket":{"name":"flow_o","isIn":false,"id":"var_set_2$flow_o","type":"flow"}},{"id":"start_0","type":"start","left":100,"top":-720,"outFlowSocket":{"name":"flow_o","isIn":false,"id":"start_0$flow_o","type":"flow"}},{"id":"var_get_0","type":"var_get","left":-70,"top":-10,"varName":"pVal_1","outputScokets_arr":[{"name":"out","isIn":false,"id":"var_get_0$out","type":"int"}]},{"id":"noperand_0","type":"noperand","left":470,"top":-250,"operator":"*","inputScokets_arr":[{"name":"in0","isIn":true,"id":"noperand_0$in0","type":"string"},{"name":"in1","isIn":true,"id":"noperand_0$in1","type":"string","defval":"2"}],"outputScokets_arr":[{"name":"out","isIn":false,"id":"noperand_0$out","type":"string"}]},{"id":"var_get_1","type":"var_get","left":310,"top":-250,"varName":"pVal_1","outputScokets_arr":[{"name":"out","isIn":false,"id":"var_get_1$out","type":"int"}]},{"id":"var_set_3","type":"var_set","left":705,"top":-270,"varName":"ret_1","inputScokets_arr":[{"name":"in","isIn":true,"id":"var_set_3$in","type":"string"}],"outputScokets_arr":[{"name":"out","isIn":false,"id":"var_set_3$out","type":"string"}],"inFlowSocket":{"name":"flow_i","isIn":true,"id":"var_set_3$flow_i","type":"flow"},"outFlowSocket":{"name":"flow_o","isIn":false,"id":"var_set_3$flow_o","type":"flow"}},{"id":"compare_0","type":"compare","left":290,"top":-970,"operator":"==","inputScokets_arr":[{"name":"in0","isIn":true,"id":"compare_0$in0","type":"string","defval":"3"},{"name":"in1","isIn":true,"id":"compare_0$in1","type":"string","defval":"10"}],"outputScokets_arr":[{"name":"out","isIn":false,"id":"compare_0$out","type":"boolean"}]},{"id":"jsif_0","type":"jsif","left":510,"top":-810,"inputScokets_arr":[{"name":"in","isIn":true,"id":"jsif_0$in"}],"outFlowSockets_arr":[{"name":"true","isIn":false,"id":"jsif_0$true","type":"flow"},{"name":"false","isIn":false,"id":"jsif_0$false","type":"flow"}],"inFlowSocket":{"name":"flow_i","isIn":true,"id":"jsif_0$flow_i","type":"flow"},"outFlowSocket":{"name":"flow_o","isIn":false,"id":"jsif_0$flow_o","type":"flow"}},{"id":"var_get_2","type":"var_get","left":170,"top":-970,"varName":"pVal_1","outputScokets_arr":[{"name":"out","isIn":false,"id":"var_get_2$out","type":"int"}]},{"id":"jsswitch_0","type":"jsswitch","left":640,"top":-660,"inputScokets_arr":[{"name":"in","isIn":true,"id":"jsswitch_0$in"}],"outFlowSockets_arr":[{"name":"case0","isIn":false,"id":"jsswitch_0$case0","type":"flow","defval":"石磊"},{"name":"case1","isIn":false,"id":"jsswitch_0$case1","type":"flow","defval":"倪紫华"},{"name":"case2","isIn":false,"id":"jsswitch_0$case2","type":"flow","defval":"default"}],"inFlowSocket":{"name":"flow_i","isIn":true,"id":"jsswitch_0$flow_i","type":"flow"},"outFlowSocket":{"name":"flow_o","isIn":false,"id":"jsswitch_0$flow_o","type":"flow"}},{"id":"var_get_3","type":"var_get","left":490,"top":-620,"varName":"pVal_1","outputScokets_arr":[{"name":"out","isIn":false,"id":"var_get_3$out","type":"int"}]},{"id":"return_0","type":"return","left":940,"top":-440,"inputScokets_arr":[{"name":"in","isIn":true,"id":"return_0$in","defval":"不认识"}],"inFlowSocket":{"name":"flow_i","isIn":true,"id":"return_0$flow_i","type":"flow"}},{"id":"var_set_0","type":"var_set","left":910,"top":-550,"varName":"ret_1","inputScokets_arr":[{"name":"in","isIn":true,"id":"var_set_0$in","type":"string","defval":"2"}],"outputScokets_arr":[{"name":"out","isIn":false,"id":"var_set_0$out","type":"string"}],"inFlowSocket":{"name":"flow_i","isIn":true,"id":"var_set_0$flow_i","type":"flow"},"outFlowSocket":{"name":"flow_o","isIn":false,"id":"var_set_0$flow_o","type":"flow"}},{"id":"var_set_1","type":"var_set","left":910,"top":-630,"varName":"ret_1","inputScokets_arr":[{"name":"in","isIn":true,"id":"var_set_1$in","type":"string","defval":"1"}],"outputScokets_arr":[{"name":"out","isIn":false,"id":"var_set_1$out","type":"string"}],"inFlowSocket":{"name":"flow_i","isIn":true,"id":"var_set_1$flow_i","type":"flow"},"outFlowSocket":{"name":"flow_o","isIn":false,"id":"var_set_1$flow_o","type":"flow"}},{"id":"return_2","type":"return","left":500,"top":-450,"inputScokets_arr":[{"name":"in","isIn":true,"id":"return_2$in"}],"inFlowSocket":{"name":"flow_i","isIn":true,"id":"return_2$flow_i","type":"flow"}},{"id":"var_get_4","type":"var_get","left":390,"top":-460,"varName":"ret_1","outputScokets_arr":[{"name":"out","isIn":false,"id":"var_get_4$out","type":"string"}]},{"id":"jsbreak_0","type":"jsbreak","left":1130,"top":-630,"inFlowSocket":{"name":"flow_i","isIn":true,"id":"jsbreak_0$flow_i","type":"flow"}},{"id":"jsbreak_1","type":"jsbreak","left":1130,"top":-550,"inFlowSocket":{"name":"flow_i","isIn":true,"id":"jsbreak_1$flow_i","type":"flow"}},{"id":"return_3","type":"return","left":690,"top":-780,"inputScokets_arr":[{"name":"in","isIn":true,"id":"return_3$in","defval":"不可输入10"}],"inFlowSocket":{"name":"flow_i","isIn":true,"id":"return_3$flow_i","type":"flow"}},{"id":"sequence_0","type":"sequence","left":290,"top":-710,"outFlowSockets_arr":[{"name":"outflow0","isIn":false,"id":"sequence_0$outflow0","type":"flow"},{"name":"outflow1","isIn":false,"id":"sequence_0$outflow1","type":"flow"},{"name":"outflow2","isIn":false,"id":"sequence_0$outflow2","type":"flow"}],"inFlowSocket":{"name":"flow_i","isIn":true,"id":"sequence_0$flow_i","type":"flow"}}],"links_arr":[{"inSocketID":"var_set_2$in","outSocketID":"var_get_0$out"},{"inSocketID":"noperand_0$in0","outSocketID":"var_get_1$out"},{"inSocketID":"var_set_3$in","outSocketID":"noperand_0$out"},{"inSocketID":"compare_0$in0","outSocketID":"var_get_2$out"},{"inSocketID":"jsif_0$in","outSocketID":"compare_0$out"},{"inSocketID":"jsswitch_0$in","outSocketID":"var_get_3$out"},{"inSocketID":"return_0$flow_i","outSocketID":"jsswitch_0$case2"},{"inSocketID":"var_set_0$flow_i","outSocketID":"jsswitch_0$case1"},{"inSocketID":"var_set_1$flow_i","outSocketID":"jsswitch_0$case0"},{"inSocketID":"return_2$in","outSocketID":"var_get_4$out"},{"inSocketID":"jsbreak_0$flow_i","outSocketID":"var_set_1$flow_o"},{"inSocketID":"jsbreak_1$flow_i","outSocketID":"var_set_0$flow_o"},{"inSocketID":"return_3$flow_i","outSocketID":"jsif_0$true"},{"inSocketID":"sequence_0$flow_i","outSocketID":"start_0$flow_o"},{"inSocketID":"jsif_0$flow_i","outSocketID":"sequence_0$outflow0"},{"inSocketID":"jsswitch_0$flow_i","outSocketID":"sequence_0$outflow1"},{"inSocketID":"return_2$flow_i","outSocketID":"sequence_0$outflow2"}]},{"code":"scriptBP_1","startNodeId":"start_0","name":"testTwo","type":"client","group":"custom","nodes_arr":[{"id":"start_0","type":"start","left":0,"top":0,"outFlowSocket":{"name":"flow_o","isIn":false,"id":"start_0$flow_o","type":"flow"}}],"links_arr":[]}]}}