{"attr":{"title":"表格测试"},"lastEditingPageID":"M_Page_0","content_PC":{"pages":[]},"content_Mobile":{"pages":[{"attr":{"title":"主页面","ismain":true,"autoHeight":false},"type":"M_Page","id":"M_Page_0","children":[{"attr":{"styleAttr_0":{"name":"height","value":"50%"},"styleAttr_1":{"name":"flex-grow","value":false},"title":"什么表格？","datasource":126,"formtype":"grid","rowPerPage":"50"},"type":"M_Form","id":"M_Form_0","children":[{"attr":{"textfield":"员工登记姓名","editortype":"M_Label","interactivetype":"readonly","columnWidth":"2"},"type":"M_LC","id":"M_LC_0","editor":{"attr":{"textfield":"员工登记姓名"},"type":"M_Label","id":"M_Label_0"}},{"attr":{"textfield":"员工登记性别","editortype":"M_Label","interactivetype":"readonly","columnWidth":"1"},"type":"M_LC","id":"M_LC_1","editor":{"attr":{"textfield":"员工登记性别"},"type":"M_Label","id":"M_Label_1"}},{"attr":{"textfield":"身份证件号码","editortype":"M_Label","interactivetype":"readonly","columnWidth":"4"},"type":"M_LC","id":"M_LC_2","editor":{"attr":{"textfield":"身份证件号码"},"type":"M_Label","id":"M_Label_2"}},{"attr":{"textfield":"身份证件地址","editortype":"M_Label","interactivetype":"readonly","columnWidth":"4"},"type":"M_LC","id":"M_LC_3","editor":{"attr":{"textfield":"身份证件地址"},"type":"M_Label","id":"M_Label_3"}},{"attr":{"textfield":"出生年月日期","editortype":"M_Label","interactivetype":"readonly","columnWidth":"1"},"type":"M_LC","id":"M_LC_4","editor":{"attr":{"textfield":"出生年月日期"},"type":"M_Label","id":"M_Label_4"}}]}]}]},"dataMaster":{"BP_sql_arr":[{"code":"sqlBP_0","retNodeId":"select_0","name":"M_Form_0_customdatasource","type":"表值","group":"ctlcus","editorLeft":381,"editorTop":126,"nodes_arr":[{"id":"select_0","type":"select","left":0,"top":0,"title":"返回表","editorLeft":255,"editorTop":-115,"inputScokets_arr":[{"name":"in","isIn":true,"id":"select_0$in","type":"table"}],"nodes_arr":[{"id":"ret_columns_0","type":"ret_columns","left":100,"top":0,"inputScokets_arr":[{"name":"in0","isIn":true,"id":"ret_columns_0$in0","type":"scalar"},{"name":"in1","isIn":true,"id":"ret_columns_0$in1","type":"scalar"},{"name":"in2","isIn":true,"id":"ret_columns_0$in2","type":"scalar"},{"name":"in3","isIn":true,"id":"ret_columns_0$in3","type":"scalar"},{"name":"in4","isIn":true,"id":"ret_columns_0$in4","type":"scalar","extra":{"alias":"出生年月日期"}}]},{"id":"ret_condition_0","type":"ret_condition","left":250,"top":0,"inputScokets_arr":[{"name":"in","isIn":true,"id":"ret_condition_0$in","type":"boolean"}]},{"id":"ret_order_0","type":"ret_order","left":300,"top":0},{"id":"ret_group_0","type":"ret_group","left":400,"top":0},{"id":"ret_having_0","type":"ret_having","left":500,"top":0,"inputScokets_arr":[{"name":"in","isIn":true,"id":"ret_having_0$in","type":"boolean"}]},{"id":"column_0","type":"column","left":-341,"top":116,"tableName":"T100A员工登记姓名","tableCode":126,"columnName":"员工登记姓名","outputScokets_arr":[{"name":"out","isIn":false,"id":"column_0$out","type":"varchar"}]},{"id":"column_1","type":"column","left":-341,"top":154,"tableName":"T100A员工登记姓名","tableCode":126,"columnName":"员工登记性别","outputScokets_arr":[{"name":"out","isIn":false,"id":"column_1$out","type":"varchar"}]},{"id":"column_2","type":"column","left":-341,"top":192,"tableName":"T100A员工登记姓名","tableCode":126,"columnName":"身份证件号码","outputScokets_arr":[{"name":"out","isIn":false,"id":"column_2$out","type":"varchar"}]},{"id":"column_3","type":"column","left":-341,"top":230,"tableName":"T100A员工登记姓名","tableCode":126,"columnName":"身份证件地址","outputScokets_arr":[{"name":"out","isIn":false,"id":"column_3$out","type":"varchar"}]},{"id":"column_4","type":"column","left":-560,"top":290,"tableName":"T100A员工登记姓名","tableCode":126,"columnName":"出生年月日期","outputScokets_arr":[{"name":"out","isIn":false,"id":"column_4$out","type":"date"}]},{"id":"cast_0","type":"cast","left":-230,"top":280,"inputScokets_arr":[{"name":"in","isIn":true,"id":"cast_0$in","type":"table","extra":{"castValType":"nvarchar","size1":"10"}}],"outputScokets_arr":[{"name":"out","isIn":false,"id":"cast_0$out","type":"boolean"}]}]},{"id":"dbEntity_0","type":"dbEntity","left":-300,"top":0,"targetEntity":"dbe-126","outputScokets_arr":[{"name":"out","isIn":false,"id":"dbEntity_0$out","type":"table"}]}],"links_arr":[{"inSocketID":"select_0$in","outSocketID":"dbEntity_0$out"},{"inSocketID":"ret_columns_0$in0","outSocketID":"column_0$out"},{"inSocketID":"ret_columns_0$in1","outSocketID":"column_1$out"},{"inSocketID":"ret_columns_0$in2","outSocketID":"column_2$out"},{"inSocketID":"ret_columns_0$in3","outSocketID":"column_3$out"},{"inSocketID":"cast_0$in","outSocketID":"column_4$out"},{"inSocketID":"ret_columns_0$in4","outSocketID":"cast_0$out"}]}]},"scriptMaster":{"blueprints_arr":[]}}