{"name":"系统开发测试","flowCode":1,"editorLeft":29,"editorTop":839,"variables_arr":[{"id":"def_variable_0","type":"def_variable","left":0,"top":0,"name":"test","valType":"string","default":"1"}],"nodes_arr":[{"id":"stepstart_0","type":"stepstart","left":-10,"top":-520,"stepCode":2,"outputScokets_arr":[{"name":"out0","isIn":false,"id":"stepstart_0$out0","type":"string"}],"outFlowSocket":{"name":"flow_o","isIn":false,"id":"stepstart_0$flow_o","type":"flow"}},{"id":"stepstart_1","type":"stepstart","left":-40,"top":-110,"stepCode":3,"outputScokets_arr":[{"name":"out0","isIn":false,"id":"stepstart_1$out0","type":"string"}],"outFlowSocket":{"name":"flow_o","isIn":false,"id":"stepstart_1$flow_o","type":"flow"}},{"id":"querysql_0","type":"querysql","left":590,"top":-540,"targetEntity":"dbe-136","outputScokets_arr":[{"name":"outdata","isIn":false,"id":"querysql_0$outdata","type":"table"}],"inFlowSocket":{"name":"flow_i","isIn":true,"id":"querysql_0$flow_i","type":"flow"},"outFlowSocket":{"name":"flow_o","isIn":false,"id":"querysql_0$flow_o","type":"flow"}},{"id":"var_set_0","type":"var_set","left":900,"top":-290,"varName":"test","inputScokets_arr":[{"name":"in","isIn":true,"id":"var_set_0$in","type":"string","defval":"0"}],"outputScokets_arr":[{"name":"out","isIn":false,"id":"var_set_0$out","type":"string"}],"inFlowSocket":{"name":"flow_i","isIn":true,"id":"var_set_0$flow_i","type":"flow"},"outFlowSocket":{"name":"flow_o","isIn":false,"id":"var_set_0$flow_o","type":"flow"}},{"id":"querykeyrecord_0","type":"querykeyrecord","left":190,"top":-330,"targetEntity":"dbe-136","keyColumn":"员工请假记录代码","inputScokets_arr":[{"name":"rcdkey","isIn":true,"id":"querykeyrecord_0$rcdkey","type":"int"}],"outputScokets_arr":[{"name":"col0","isIn":false,"id":"querykeyrecord_0$col0","type":"string","extra":{"colName":"请假起始时间"}},{"name":"col1","isIn":false,"id":"querykeyrecord_0$col1","type":"string","extra":{"colName":"请假结束日期"}}],"inFlowSocket":{"name":"flow_i","isIn":true,"id":"querykeyrecord_0$flow_i","type":"flow"},"outFlowSocket":{"name":"flow_o","isIn":false,"id":"querykeyrecord_0$flow_o","type":"flow"}},{"id":"noperand_0","type":"noperand","left":650,"top":-260,"operator":"+","inputScokets_arr":[{"name":"in0","isIn":true,"id":"noperand_0$in0","type":"string"},{"name":"in1","isIn":true,"id":"noperand_0$in1","type":"string"}],"outputScokets_arr":[{"name":"out","isIn":false,"id":"noperand_0$out","type":"string"}]},{"id":"columnvar_0","type":"columnvar","left":290,"top":-30,"keySocketID":"querykeyrecord_0$col1","label":"列变量","outputScokets_arr":[{"name":"out","isIn":false,"id":"columnvar_0$out","type":"string"}]}],"links_arr":[{"inSocketID":"var_set_0$flow_i","outSocketID":"querysql_0$flow_o"},{"inSocketID":"noperand_0$in0","outSocketID":"querykeyrecord_0$col0"},{"inSocketID":"noperand_0$in1","outSocketID":"querykeyrecord_0$col1"},{"inSocketID":"var_set_0$in","outSocketID":"noperand_0$out"},{"inSocketID":"var_set_0$flow_i","outSocketID":"querykeyrecord_0$flow_o"}]}