{"name":"系统开发测试","flowCode":1,"editorLeft":-99,"editorTop":633,"variables_arr":[{"id":"def_variable_0","type":"def_variable","left":0,"top":0,"name":"test","valType":"string","default":"1"}],"nodes_arr":[{"id":"stepstart_0","type":"stepstart","left":30,"top":-220,"stepCode":2,"outputScokets_arr":[{"name":"out0","isIn":false,"id":"stepstart_0$out0","type":"string"}],"outFlowSocket":{"name":"flow_o","isIn":false,"id":"stepstart_0$flow_o","type":"flow"}},{"id":"stepstart_1","type":"stepstart","left":0,"top":0,"stepCode":3,"outputScokets_arr":[{"name":"out0","isIn":false,"id":"stepstart_1$out0","type":"string"}],"outFlowSocket":{"name":"flow_o","isIn":false,"id":"stepstart_1$flow_o","type":"flow"}},{"id":"querysql_0","type":"querysql","left":460,"top":-460,"targetEntity":"dbe-136","outputScokets_arr":[{"name":"outdata","isIn":false,"id":"querysql_0$outdata","type":"table"}],"inFlowSocket":{"name":"flow_i","isIn":true,"id":"querysql_0$flow_i","type":"flow"},"outFlowSocket":{"name":"flow_o","isIn":false,"id":"querysql_0$flow_o","type":"flow"}},{"id":"var_set_0","type":"var_set","left":810,"top":-240,"varName":"test","inputScokets_arr":[{"name":"in","isIn":true,"id":"var_set_0$in","type":"string","defval":"0"}],"outputScokets_arr":[{"name":"out","isIn":false,"id":"var_set_0$out","type":"string"}],"inFlowSocket":{"name":"flow_i","isIn":true,"id":"var_set_0$flow_i","type":"flow"},"outFlowSocket":{"name":"flow_o","isIn":false,"id":"var_set_0$flow_o","type":"flow"}},{"id":"arraylength_0","type":"arraylength","left":580,"top":-150,"inputScokets_arr":[{"name":"in","isIn":true,"id":"arraylength_0$in","type":"array"}],"outputScokets_arr":[{"name":"out","isIn":false,"id":"arraylength_0$out","type":"int"}]},{"id":"querykeyrecord_0","type":"querykeyrecord","left":260,"top":-250,"targetEntity":"dbe-136","keyColumn":"员工请假记录代码","inputScokets_arr":[{"name":"rcdkey","isIn":true,"id":"querykeyrecord_0$rcdkey","type":"int"}],"inFlowSocket":{"name":"flow_i","isIn":true,"id":"querykeyrecord_0$flow_i","type":"flow"},"outFlowSocket":{"name":"flow_o","isIn":false,"id":"querykeyrecord_0$flow_o","type":"flow"}}],"links_arr":[{"inSocketID":"var_set_0$flow_i","outSocketID":"querysql_0$flow_o"},{"inSocketID":"arraylength_0$in","outSocketID":"querysql_0$outdata"},{"inSocketID":"var_set_0$in","outSocketID":"arraylength_0$out"},{"inSocketID":"querykeyrecord_0$flow_i","outSocketID":"stepstart_0$flow_o"},{"inSocketID":"querykeyrecord_0$rcdkey","outSocketID":"stepstart_0$out0"}]}