{"name":"请假申请","flowCode":2,"editorLeft":-245,"editorTop":550,"variables_arr":[{"id":"def_variable_0","type":"def_variable","left":0,"top":0,"name":"ret","valType":"string","default":""},{"id":"def_variable_1","type":"def_variable","left":0,"top":0,"name":"员工姓名","valType":"string","default":""}],"nodes_arr":[{"id":"stepstart_0","type":"stepstart","left":-10,"top":-650,"stepCode":9,"outputScokets_arr":[{"name":"out0","isIn":false,"id":"stepstart_0$out0","type":"string"}],"outFlowSocket":{"name":"flow_o","isIn":false,"id":"stepstart_0$flow_o","type":"flow"}},{"id":"stepstart_1","type":"stepstart","left":-240,"top":600,"stepCode":10,"outputScokets_arr":[{"name":"out0","isIn":false,"id":"stepstart_1$out0","type":"string"}],"outFlowSocket":{"name":"flow_o","isIn":false,"id":"stepstart_1$flow_o","type":"flow"}},{"id":"querykeyrecord_0","type":"querykeyrecord","left":310,"top":-690,"targetEntity":"dbe-3605","keyColumn":"员工请假记录代码","inputScokets_arr":[{"name":"rcdkey","isIn":true,"id":"querykeyrecord_0$rcdkey","type":"int"},{"name":"@员工代码","isIn":true,"id":"querykeyrecord_0$@员工代码","type":"scalar","defval":"*"},{"name":"@起始日期","isIn":true,"id":"querykeyrecord_0$@起始日期","type":"scalar","defval":"*"},{"name":"@结束日期","isIn":true,"id":"querykeyrecord_0$@结束日期","type":"scalar","defval":"*"},{"name":"@假期种类","isIn":true,"id":"querykeyrecord_0$@假期种类","type":"scalar","defval":"*"}],"outputScokets_arr":[{"name":"col1","isIn":false,"id":"querykeyrecord_0$col1","type":"string","extra":{"colName":"员工登记姓名代码"}},{"name":"col0","isIn":false,"id":"querykeyrecord_0$col0","type":"string","extra":{"colName":"员工请假记录代码"}},{"name":"col2","isIn":false,"id":"querykeyrecord_0$col2","type":"string","extra":{"colName":"员工假期种类代码"}},{"name":"col3","isIn":false,"id":"querykeyrecord_0$col3","type":"string","extra":{"colName":"请假员工姓名"}},{"name":"col4","isIn":false,"id":"querykeyrecord_0$col4","type":"string","extra":{"colName":"请假起始日期"}},{"name":"col5","isIn":false,"id":"querykeyrecord_0$col5","type":"string","extra":{"colName":"员工假期种类"}},{"name":"col6","isIn":false,"id":"querykeyrecord_0$col6","type":"string","extra":{"colName":"请假结束日期"}}],"inFlowSocket":{"name":"flow_i","isIn":true,"id":"querykeyrecord_0$flow_i","type":"flow"},"outFlowSocket":{"name":"flow_o","isIn":false,"id":"querykeyrecord_0$flow_o","type":"flow"}},{"id":"sendmessage_0","type":"sendmessage","left":1290,"top":-730,"inputScokets_arr":[{"name":"targetType","isIn":true,"id":"sendmessage_0$targetType","defval":1},{"name":"encrypted","isIn":true,"id":"sendmessage_0$encrypted","type":"boolean"},{"name":"targetPerson","isIn":true,"id":"sendmessage_0$targetPerson"},{"name":"personEduct","isIn":true,"id":"sendmessage_0$personEduct","defval":"-6"},{"name":"targetPost","isIn":true,"id":"sendmessage_0$targetPost","visible":false},{"name":"sendType","isIn":true,"id":"sendmessage_0$sendType","defval":1},{"name":"msgType","isIn":true,"id":"sendmessage_0$msgType","defval":"2"},{"name":"flowStep","isIn":true,"id":"sendmessage_0$flowStep","defval":"10"},{"name":"project","isIn":true,"id":"sendmessage_0$project","defval":"5"},{"name":"intdata","isIn":true,"id":"sendmessage_0$intdata","type":"int"},{"name":"title","isIn":true,"id":"sendmessage_0$title","type":"string"},{"name":"content","isIn":true,"id":"sendmessage_0$content","type":"string"}],"inFlowSocket":{"name":"flow_i","isIn":true,"id":"sendmessage_0$flow_i","type":"flow"},"outFlowSocket":{"name":"flow_o","isIn":false,"id":"sendmessage_0$flow_o","type":"flow"}},{"id":"noperand_0","type":"noperand","left":980,"top":-380,"operator":"+","inputScokets_arr":[{"name":"in0","isIn":true,"id":"noperand_0$in0","type":"string"},{"name":"in1","isIn":true,"id":"noperand_0$in1","type":"string","defval":"申请了["},{"name":"in2","isIn":true,"id":"noperand_0$in2","type":"string"},{"name":"in3","isIn":true,"id":"noperand_0$in3","type":"string","defval":"]的"},{"name":"in5","isIn":true,"id":"noperand_0$in5","type":"string","defval":"。"},{"name":"in4","isIn":true,"id":"noperand_0$in4","type":"string"}],"outputScokets_arr":[{"name":"out","isIn":false,"id":"noperand_0$out","type":"string"}]},{"id":"ternary_operator_0","type":"ternary_operator","left":640,"top":-190,"inputScokets_arr":[{"name":"in1","isIn":true,"id":"ternary_operator_0$in1","type":"boolean"},{"name":"in2","isIn":true,"id":"ternary_operator_0$in2","type":"Object"},{"name":"in3","isIn":true,"id":"ternary_operator_0$in3","type":"Object"}],"outputScokets_arr":[{"name":"out","isIn":false,"id":"ternary_operator_0$out","type":"Object"}]},{"id":"columnvar_0","type":"columnvar","left":190,"top":-200,"keySocketID":"querykeyrecord_0$col4","label":"列变量","outputScokets_arr":[{"name":"out","isIn":false,"id":"columnvar_0$out","type":"string"}]},{"id":"columnvar_1","type":"columnvar","left":190,"top":-160,"keySocketID":"querykeyrecord_0$col6","label":"列变量","outputScokets_arr":[{"name":"out","isIn":false,"id":"columnvar_1$out","type":"string"}]},{"id":"compare_0","type":"compare","left":400,"top":-230,"operator":"==","inputScokets_arr":[{"name":"in0","isIn":true,"id":"compare_0$in0","type":"string"},{"name":"in1","isIn":true,"id":"compare_0$in1","type":"string"}],"outputScokets_arr":[{"name":"out","isIn":false,"id":"compare_0$out","type":"boolean"}]},{"id":"jsdatefun_0","type":"jsdatefun","left":290,"top":-110,"funName":"Format[yyyy-mm-dd]","inputScokets_arr":[{"name":"in0","isIn":true,"id":"jsdatefun_0$in0","type":"date"}],"outputScokets_arr":[{"name":"out0","isIn":false,"id":"jsdatefun_0$out0","type":"string"}]},{"id":"columnvar_2","type":"columnvar","left":100,"top":-70,"keySocketID":"querykeyrecord_0$col4","label":"列变量","outputScokets_arr":[{"name":"out","isIn":false,"id":"columnvar_2$out","type":"string"}]},{"id":"noperand_1","type":"noperand","left":280,"top":0,"operator":"+","inputScokets_arr":[{"name":"in0","isIn":true,"id":"noperand_1$in0","type":"string"},{"name":"in1","isIn":true,"id":"noperand_1$in1","type":"string","defval":"到"},{"name":"in2","isIn":true,"id":"noperand_1$in2","type":"string"}],"outputScokets_arr":[{"name":"out","isIn":false,"id":"noperand_1$out","type":"string"}]},{"id":"columnvar_3","type":"columnvar","left":-140,"top":30,"keySocketID":"querykeyrecord_0$col4","label":"列变量","outputScokets_arr":[{"name":"out","isIn":false,"id":"columnvar_3$out","type":"string"}]},{"id":"columnvar_4","type":"columnvar","left":-140,"top":110,"keySocketID":"querykeyrecord_0$col6","label":"列变量","outputScokets_arr":[{"name":"out","isIn":false,"id":"columnvar_4$out","type":"string"}]},{"id":"jsdatefun_1","type":"jsdatefun","left":60,"top":0,"funName":"Format[yyyy-mm-dd]","inputScokets_arr":[{"name":"in0","isIn":true,"id":"jsdatefun_1$in0","type":"date"}],"outputScokets_arr":[{"name":"out0","isIn":false,"id":"jsdatefun_1$out0","type":"string"}]},{"id":"jsdatefun_2","type":"jsdatefun","left":60,"top":80,"funName":"Format[yyyy-mm-dd]","inputScokets_arr":[{"name":"in0","isIn":true,"id":"jsdatefun_2$in0","type":"date"}],"outputScokets_arr":[{"name":"out0","isIn":false,"id":"jsdatefun_2$out0","type":"string"}]}],"links_arr":[{"inSocketID":"querykeyrecord_0$rcdkey","outSocketID":"stepstart_0$out0"},{"inSocketID":"sendmessage_0$flow_i","outSocketID":"querykeyrecord_0$flow_o"},{"inSocketID":"querykeyrecord_0$flow_i","outSocketID":"stepstart_0$flow_o"},{"inSocketID":"sendmessage_0$targetPerson","outSocketID":"querykeyrecord_0$col1"},{"inSocketID":"sendmessage_0$intdata","outSocketID":"querykeyrecord_0$col0"},{"inSocketID":"noperand_0$in0","outSocketID":"querykeyrecord_0$col3"},{"inSocketID":"sendmessage_0$content","outSocketID":"noperand_0$out"},{"inSocketID":"compare_0$in0","outSocketID":"columnvar_0$out"},{"inSocketID":"compare_0$in1","outSocketID":"columnvar_1$out"},{"inSocketID":"ternary_operator_0$in1","outSocketID":"compare_0$out"},{"inSocketID":"jsdatefun_0$in0","outSocketID":"columnvar_2$out"},{"inSocketID":"ternary_operator_0$in2","outSocketID":"jsdatefun_0$out0"},{"inSocketID":"jsdatefun_1$in0","outSocketID":"columnvar_3$out"},{"inSocketID":"jsdatefun_2$in0","outSocketID":"columnvar_4$out"},{"inSocketID":"noperand_1$in0","outSocketID":"jsdatefun_1$out0"},{"inSocketID":"noperand_1$in2","outSocketID":"jsdatefun_2$out0"},{"inSocketID":"ternary_operator_0$in3","outSocketID":"noperand_1$out"},{"inSocketID":"noperand_0$in2","outSocketID":"ternary_operator_0$out"},{"inSocketID":"noperand_0$in4","outSocketID":"querykeyrecord_0$col5"}]}