{"name":"请假申请","flowCode":2,"editorLeft":-497,"editorTop":652,"variables_arr":[{"id":"def_variable_0","type":"def_variable","left":0,"top":0,"name":"ret","valType":"string","default":""}],"nodes_arr":[{"id":"var_get_0","type":"var_get","left":101,"top":150,"varName":"ret","outputScokets_arr":[{"name":"out","isIn":false,"id":"var_get_0$out","type":"string"}]},{"id":"var_set_0","type":"var_set","left":348,"top":295,"varName":"ret","inputScokets_arr":[{"name":"in","isIn":true,"id":"var_set_0$in","type":"string"}],"outputScokets_arr":[{"name":"out","isIn":false,"id":"var_set_0$out","type":"string"}],"inFlowSocket":{"name":"flow_i","isIn":true,"id":"var_set_0$flow_i","type":"flow"},"outFlowSocket":{"name":"flow_o","isIn":false,"id":"var_set_0$flow_o","type":"flow"}},{"id":"stepstart_0","type":"stepstart","left":70,"top":-510,"stepCode":9,"outputScokets_arr":[{"name":"out0","isIn":false,"id":"stepstart_0$out0","type":"string"}],"outFlowSocket":{"name":"flow_o","isIn":false,"id":"stepstart_0$flow_o","type":"flow"}},{"id":"stepstart_1","type":"stepstart","left":200,"top":-40,"stepCode":10,"outputScokets_arr":[{"name":"out0","isIn":false,"id":"stepstart_1$out0","type":"string"}],"outFlowSocket":{"name":"flow_o","isIn":false,"id":"stepstart_1$flow_o","type":"flow"}},{"id":"sendmessage_0","type":"sendmessage","left":910,"top":-530,"inputScokets_arr":[{"name":"targetType","isIn":true,"id":"sendmessage_0$targetType","defval":1},{"name":"encrypted","isIn":true,"id":"sendmessage_0$encrypted","type":"boolean"},{"name":"targetPerson","isIn":true,"id":"sendmessage_0$targetPerson"},{"name":"personEduct","isIn":true,"id":"sendmessage_0$personEduct","defval":"-6"},{"name":"targetPost","isIn":true,"id":"sendmessage_0$targetPost","visible":false},{"name":"sendType","isIn":true,"id":"sendmessage_0$sendType","defval":1},{"name":"msgType","isIn":true,"id":"sendmessage_0$msgType","defval":"2"},{"name":"flowStep","isIn":true,"id":"sendmessage_0$flowStep","defval":"10"},{"name":"title","isIn":true,"id":"sendmessage_0$title","type":"string"},{"name":"content","isIn":true,"id":"sendmessage_0$content","type":"string"}],"inFlowSocket":{"name":"flow_i","isIn":true,"id":"sendmessage_0$flow_i","type":"flow"},"outFlowSocket":{"name":"flow_o","isIn":false,"id":"sendmessage_0$flow_o","type":"flow"}},{"id":"querykeyrecord_0","type":"querykeyrecord","left":370,"top":-530,"targetEntity":"dbe-136","keyColumn":"员工请假记录代码","inputScokets_arr":[{"name":"rcdkey","isIn":true,"id":"querykeyrecord_0$rcdkey","type":"int"}],"outputScokets_arr":[{"name":"col0","isIn":false,"id":"querykeyrecord_0$col0","type":"string","extra":{"colName":"员工登记姓名代码"}}],"inFlowSocket":{"name":"flow_i","isIn":true,"id":"querykeyrecord_0$flow_i","type":"flow"},"outFlowSocket":{"name":"flow_o","isIn":false,"id":"querykeyrecord_0$flow_o","type":"flow"}}],"links_arr":[{"inSocketID":"querykeyrecord_0$flow_i","outSocketID":"stepstart_0$flow_o"},{"inSocketID":"querykeyrecord_0$rcdkey","outSocketID":"stepstart_0$out0"},{"inSocketID":"sendmessage_0$flow_i","outSocketID":"querykeyrecord_0$flow_o"},{"inSocketID":"sendmessage_0$targetPerson","outSocketID":"querykeyrecord_0$col0"}]}