{"name":"未命名yyyyy45","flowCode":2,"variables_arr":[{"id":"def_variable_0","type":"def_variable","left":0,"top":0,"name":"ret","valType":"string","default":""}],"nodes_arr":[{"id":"var_get_0","type":"var_get","left":101,"top":150,"varName":"ret","outputScokets_arr":[{"name":"out","isIn":false,"id":"var_get_0$out","type":"string"}]},{"id":"var_set_0","type":"var_set","left":348,"top":295,"varName":"ret","inputScokets_arr":[{"name":"in","isIn":true,"id":"var_set_0$in","type":"string"}],"outputScokets_arr":[{"name":"out","isIn":false,"id":"var_set_0$out","type":"string"}],"inFlowSocket":{"name":"flow_i","isIn":true,"id":"var_set_0$flow_i","type":"flow"},"outFlowSocket":{"name":"flow_o","isIn":false,"id":"var_set_0$flow_o","type":"flow"}}],"links_arr":[]}