{"name":"请假申请","flowCode":2,"editorLeft":-141,"editorTop":561,"variables_arr":[{"id":"def_variable_0","type":"def_variable","left":0,"top":0,"name":"ret","valType":"string","default":""},{"id":"def_variable_1","type":"def_variable","left":0,"top":0,"name":"员工姓名","valType":"string","default":""}],"nodes_arr":[{"id":"stepstart_0","type":"stepstart","left":-150,"top":-540,"stepCode":9,"outputScokets_arr":[{"name":"out0","isIn":false,"id":"stepstart_0$out0","type":"string"}],"outFlowSocket":{"name":"flow_o","isIn":false,"id":"stepstart_0$flow_o","type":"flow"}},{"id":"stepstart_1","type":"stepstart","left":-240,"top":600,"stepCode":10,"outputScokets_arr":[{"name":"out0","isIn":false,"id":"stepstart_1$out0","type":"string"}],"outFlowSocket":{"name":"flow_o","isIn":false,"id":"stepstart_1$flow_o","type":"flow"}},{"id":"querykeyrecord_0","type":"querykeyrecord","left":390,"top":-570,"targetEntity":"dbe-136","keyColumn":"员工请假记录代码","inputScokets_arr":[{"name":"rcdkey","isIn":true,"id":"querykeyrecord_0$rcdkey","type":"int"}],"outputScokets_arr":[{"name":"col0","isIn":false,"id":"querykeyrecord_0$col0","type":"string","extra":{"colName":"员工登记姓名代码"}}],"inFlowSocket":{"name":"flow_i","isIn":true,"id":"querykeyrecord_0$flow_i","type":"flow"},"outFlowSocket":{"name":"flow_o","isIn":false,"id":"querykeyrecord_0$flow_o","type":"flow"}},{"id":"querysql_0","type":"querysql","left":860,"top":-570,"targetEntity":"dbe-659","inputScokets_arr":[{"name":"@员工工号","isIn":true,"id":"querysql_0$@员工工号","type":"scalar"}],"outputScokets_arr":[{"name":"outdata","isIn":false,"id":"querysql_0$outdata","type":"scalar"}],"inFlowSocket":{"name":"flow_i","isIn":true,"id":"querysql_0$flow_i","type":"flow"},"outFlowSocket":{"name":"flow_o","isIn":false,"id":"querysql_0$flow_o","type":"flow"}},{"id":"var_set_1","type":"var_set","left":1190,"top":-570,"varName":"员工姓名","inputScokets_arr":[{"name":"in","isIn":true,"id":"var_set_1$in","type":"string"}],"outputScokets_arr":[{"name":"out","isIn":false,"id":"var_set_1$out","type":"string"}],"inFlowSocket":{"name":"flow_i","isIn":true,"id":"var_set_1$flow_i","type":"flow"},"outFlowSocket":{"name":"flow_o","isIn":false,"id":"var_set_1$flow_o","type":"flow"}},{"id":"sequence_0","type":"sequence","left":170,"top":-340,"outFlowSockets_arr":[{"name":"outflow0","isIn":false,"id":"sequence_0$outflow0","type":"flow"},{"name":"outflow1","isIn":false,"id":"sequence_0$outflow1","type":"flow"}],"inFlowSocket":{"name":"flow_i","isIn":true,"id":"sequence_0$flow_i","type":"flow"}},{"id":"columnvar_0","type":"columnvar","left":250,"top":-150,"keySocketID":"querykeyrecord_0$col0","label":"列变量","outputScokets_arr":[{"name":"out","isIn":false,"id":"columnvar_0$out","type":"string"}]},{"id":"sendmessage_0","type":"sendmessage","left":570,"top":-200,"inputScokets_arr":[{"name":"targetType","isIn":true,"id":"sendmessage_0$targetType","defval":1},{"name":"encrypted","isIn":true,"id":"sendmessage_0$encrypted","type":"boolean"},{"name":"targetPerson","isIn":true,"id":"sendmessage_0$targetPerson"},{"name":"personEduct","isIn":true,"id":"sendmessage_0$personEduct","defval":0},{"name":"targetPost","isIn":true,"id":"sendmessage_0$targetPost","visible":false},{"name":"sendType","isIn":true,"id":"sendmessage_0$sendType","defval":1},{"name":"msgType","isIn":true,"id":"sendmessage_0$msgType","defval":0},{"name":"flowStep","isIn":true,"id":"sendmessage_0$flowStep","visible":false},{"name":"project","isIn":true,"id":"sendmessage_0$project","defval":"5"},{"name":"title","isIn":true,"id":"sendmessage_0$title","type":"string"},{"name":"content","isIn":true,"id":"sendmessage_0$content","type":"string"}],"inFlowSocket":{"name":"flow_i","isIn":true,"id":"sendmessage_0$flow_i","type":"flow"},"outFlowSocket":{"name":"flow_o","isIn":false,"id":"sendmessage_0$flow_o","type":"flow"}}],"links_arr":[{"inSocketID":"querykeyrecord_0$rcdkey","outSocketID":"stepstart_0$out0"},{"inSocketID":"querysql_0$flow_i","outSocketID":"querykeyrecord_0$flow_o"},{"inSocketID":"querysql_0$@员工工号","outSocketID":"querykeyrecord_0$col0"},{"inSocketID":"var_set_1$flow_i","outSocketID":"querysql_0$flow_o"},{"inSocketID":"sequence_0$flow_i","outSocketID":"stepstart_0$flow_o"},{"inSocketID":"querykeyrecord_0$flow_i","outSocketID":"sequence_0$outflow0"},{"inSocketID":"var_set_1$in","outSocketID":"querysql_0$outdata"}]}