{"projects":[{"createTime":"2018-12-13T03:20:59.891Z","creator":"赵智淼","creatorID":1,"title":"未命名方案","history":[{"name":"赵智淼","id":"赵智淼","time":"2018-12-13T03:20:59.891Z"},{"name":"赵智淼","id":"赵智淼","time":"2018-12-13T03:21:59.626Z"},{"name":"赵智淼","id":"赵智淼","time":"2018-12-13T06:40:28.189Z"},{"name":"赵智淼","id":"赵智淼","time":"2018-12-13T07:16:19.239Z"},{"name":"赵智淼","id":"赵智淼","time":"2018-12-13T07:16:49.291Z"},{"name":"赵智淼","id":"赵智淼","time":"2018-12-13T08:22:06.240Z"},{"name":"赵智淼","id":"赵智淼","time":"2018-12-14T05:36:55.261Z"},{"name":"赵智淼","id":"赵智淼","time":"2018-12-14T05:37:25.642Z"},{"name":"赵智淼","id":"赵智淼","time":"2018-12-14T05:38:56.731Z"},{"name":"赵智淼","id":"赵智淼","time":"2018-12-14T06:02:17.676Z"},{"name":"赵智淼","id":"赵智淼","time":"2018-12-14T06:07:49.792Z"},{"name":"赵智淼","id":"赵智淼","time":"2018-12-14T06:15:02.362Z"},{"name":"赵智淼","id":"赵智淼","time":"2018-12-14T06:32:48.637Z"},{"name":"赵智淼","id":"赵智淼","time":"2018-12-14T06:34:38.711Z"},{"name":"赵智淼","id":"赵智淼","time":"2018-12-14T06:35:26.745Z"},{"name":"赵智淼","id":"赵智淼","time":"2019-01-12T08:41:12.639Z"},{"name":"赵智淼","id":"赵智淼","time":"2019-01-12T08:45:18.953Z"},{"name":"赵智淼","id":"赵智淼","time":"2019-01-12T09:04:01.743Z"},{"name":"赵智淼","id":"赵智淼","time":"2019-01-13T06:06:16.088Z"},{"name":"赵智淼","id":"赵智淼","time":"2019-01-13T06:18:28.203Z"},{"name":"赵智淼","id":"赵智淼","time":"2019-01-13T06:20:51.517Z"},{"name":"赵智淼","id":"赵智淼","time":"2019-01-13T06:38:21.038Z"},{"name":"赵智淼","id":"赵智淼","time":"2019-01-13T07:30:13.529Z"},{"name":"赵智淼","id":"赵智淼","time":"2019-01-13T07:30:25.142Z"},{"name":"赵智淼","id":"赵智淼","time":"2019-01-13T08:55:39.838Z"},{"name":"赵智淼","id":"赵智淼","time":"2019-01-13T09:09:05.327Z"},{"name":"赵智淼","id":"赵智淼","time":"2019-01-13T09:23:29.527Z"},{"name":"赵智淼","id":"赵智淼","time":"2019-01-13T09:45:56.194Z"},{"name":"赵智淼","id":"赵智淼","time":"2019-01-13T10:23:42.770Z"},{"name":"赵智淼","id":"赵智淼","time":"2019-01-13T10:34:32.617Z"},{"name":"赵智淼","id":"赵智淼","time":"2019-01-13T10:38:30.645Z"},{"name":"赵智淼","id":"赵智淼","time":"2019-01-13T10:45:54.813Z"},{"name":"赵智淼","id":"赵智淼","time":"2019-01-13T10:54:59.697Z"},{"name":"赵智淼","id":"赵智淼","time":"2019-01-13T11:04:14.228Z"},{"name":"赵智淼","id":"赵智淼","time":"2019-01-13T11:09:54.367Z"},{"name":"赵智淼","id":"赵智淼","time":"2019-01-13T11:10:52.714Z"},{"name":"赵智淼","id":"赵智淼","time":"2019-01-13T11:32:46.839Z"},{"name":"赵智淼","id":"赵智淼","time":"2019-01-14T02:49:05.000Z"},{"name":"赵智淼","id":"赵智淼","time":"2019-01-14T05:27:11.334Z"},{"name":"赵智淼","id":"赵智淼","time":"2019-01-14T06:52:02.135Z"},{"name":"赵智淼","id":"赵智淼","time":"2019-01-14T06:55:05.232Z"},{"name":"赵智淼","id":"赵智淼","time":"2019-01-14T06:56:57.334Z"},{"name":"赵智淼","id":"赵智淼","time":"2019-01-14T06:58:26.164Z"},{"name":"赵智淼","id":"赵智淼","time":"2019-01-14T09:12:51.100Z"},{"name":"赵智淼","id":"赵智淼","time":"2019-01-14T09:14:44.662Z"},{"name":"赵智淼","id":"赵智淼","time":"2019-01-14T09:32:31.463Z"},{"name":"赵智淼","id":"赵智淼","time":"2019-01-14T10:18:20.418Z"},{"name":"赵智淼","id":"赵智淼","time":"2019-01-14T10:19:55.622Z"},{"name":"赵智淼","id":"赵智淼","time":"2019-01-15T07:21:31.483Z"},{"name":"赵智淼","id":"赵智淼","time":"2019-01-15T07:23:09.581Z"},{"name":"赵智淼","id":"赵智淼","time":"2019-01-15T07:40:55.603Z"}]},{"createTime":"2018-12-13T03:26:39.349Z","creator":"赵智淼","creatorID":1,"title":"赵智淼专用","history":[{"name":"赵智淼","id":"赵智淼","time":"2018-12-13T03:26:39.349Z"},{"name":"赵智淼","id":"赵智淼","time":"2018-12-13T05:27:57.737Z"},{"name":"赵智淼","id":"赵智淼","time":"2018-12-13T06:12:23.493Z"},{"name":"赵智淼","id":"赵智淼","time":"2018-12-13T06:14:27.755Z"},{"name":"赵智淼","id":"赵智淼","time":"2018-12-13T06:51:33.566Z"}]},{"createTime":"2018-12-13T06:32:03.783Z","creator":"赵智淼","creatorID":1,"title":"未命名页面","history":[{"name":"赵智淼","id":"赵智淼","time":"2018-12-13T06:32:03.783Z"},{"name":"赵智淼","id":"赵智淼","time":"2018-12-13T06:32:40.621Z"},{"name":"赵智淼","id":"赵智淼","time":"2018-12-13T06:33:40.784Z"},{"name":"赵智淼","id":"赵智淼","time":"2018-12-19T08:58:45.863Z"},{"name":"赵智淼","id":"赵智淼","time":"2018-12-21T05:38:07.547Z"},{"name":"赵智淼","id":"赵智淼","time":"2018-12-21T05:40:09.333Z"},{"name":"赵智淼","id":"赵智淼","time":"2018-12-21T10:14:12.597Z"},{"name":"赵智淼","id":"赵智淼","time":"2018-12-21T10:33:32.627Z"},{"name":"赵智淼","id":"赵智淼","time":"2018-12-22T02:21:40.336Z"},{"name":"赵智淼","id":"赵智淼","time":"2018-12-22T08:49:49.391Z"}]},{"createTime":"2018-12-23T08:19:34.816Z","creator":"赵智淼","creatorID":1,"title":"赵智淼测试","history":[{"name":"赵智淼","id":"赵智淼","time":"2018-12-23T08:19:34.816Z"},{"name":"赵智淼","id":"赵智淼","time":"2018-12-23T09:03:06.511Z"},{"name":"赵智淼","id":"赵智淼","time":"2018-12-23T10:00:19.910Z"},{"name":"赵智淼","id":"赵智淼","time":"2018-12-24T09:46:04.260Z"},{"name":"赵智淼","id":"赵智淼","time":"2018-12-28T01:08:49.607Z"},{"name":"赵智淼","id":"赵智淼","time":"2018-12-30T01:00:05.366Z"},{"name":"赵智淼","id":"赵智淼","time":"2019-01-03T06:10:36.251Z"},{"name":"赵智淼","id":"赵智淼","time":"2019-01-03T06:31:48.337Z"},{"name":"赵智淼","id":"赵智淼","time":"2019-01-03T06:48:14.817Z"},{"name":"赵智淼","id":"赵智淼","time":"2019-01-03T06:50:55.867Z"},{"name":"赵智淼","id":"赵智淼","time":"2019-01-03T07:48:14.716Z"},{"name":"赵智淼","id":"赵智淼","time":"2019-01-03T07:48:27.013Z"},{"name":"赵智淼","id":"赵智淼","time":"2019-01-03T08:14:29.261Z"},{"name":"赵智淼","id":"赵智淼","time":"2019-01-03T09:31:15.796Z"},{"name":"赵智淼","id":"赵智淼","time":"2019-01-03T09:36:15.813Z"},{"name":"赵智淼","id":"赵智淼","time":"2019-01-03T09:36:26.295Z"},{"name":"赵智淼","id":"赵智淼","time":"2019-01-03T09:36:37.105Z"},{"name":"赵智淼","id":"赵智淼","time":"2019-01-03T10:30:11.664Z"},{"name":"赵智淼","id":"赵智淼","time":"2019-01-03T10:33:26.220Z"},{"name":"赵智淼","id":"赵智淼","time":"2019-01-03T12:07:56.509Z"},{"name":"赵智淼","id":"赵智淼","time":"2019-01-03T12:08:04.149Z"},{"name":"赵智淼","id":"赵智淼","time":"2019-01-03T12:22:32.167Z"},{"name":"赵智淼","id":"赵智淼","time":"2019-01-03T12:23:00.428Z"},{"name":"赵智淼","id":"赵智淼","time":"2019-01-05T06:01:27.101Z"},{"name":"赵智淼","id":"赵智淼","time":"2019-01-05T06:09:44.196Z"},{"name":"赵智淼","id":"赵智淼","time":"2019-01-05T09:51:33.522Z"},{"name":"赵智淼","id":"赵智淼","time":"2019-01-06T06:12:00.333Z"},{"name":"赵智淼","id":"赵智淼","time":"2019-01-06T06:47:31.203Z"},{"name":"赵智淼","id":"赵智淼","time":"2019-01-06T06:51:18.213Z"},{"name":"赵智淼","id":"赵智淼","time":"2019-01-06T06:51:29.920Z"},{"name":"赵智淼","id":"赵智淼","time":"2019-01-07T05:49:30.198Z"},{"name":"赵智淼","id":"赵智淼","time":"2019-01-07T05:53:12.668Z"},{"name":"赵智淼","id":"赵智淼","time":"2019-01-07T05:55:28.212Z"},{"name":"赵智淼","id":"赵智淼","time":"2019-01-07T06:01:04.014Z"},{"name":"赵智淼","id":"赵智淼","time":"2019-01-07T06:01:27.872Z"},{"name":"赵智淼","id":"赵智淼","time":"2019-01-07T06:02:01.286Z"},{"name":"赵智淼","id":"赵智淼","time":"2019-01-07T06:23:06.371Z"},{"name":"赵智淼","id":"赵智淼","time":"2019-01-07T06:59:15.991Z"},{"name":"赵智淼","id":"赵智淼","time":"2019-01-07T08:32:41.999Z"},{"name":"赵智淼","id":"赵智淼","time":"2019-01-09T04:33:36.065Z"},{"name":"赵智淼","id":"赵智淼","time":"2019-01-09T04:59:57.403Z"},{"name":"赵智淼","id":"赵智淼","time":"2019-01-09T05:30:55.944Z"},{"name":"赵智淼","id":"赵智淼","time":"2019-01-09T09:14:47.578Z"},{"name":"赵智淼","id":"赵智淼","time":"2019-01-09T10:17:55.395Z"},{"name":"赵智淼","id":"赵智淼","time":"2019-01-09T11:28:34.309Z"},{"name":"赵智淼","id":"赵智淼","time":"2019-01-09T11:30:40.461Z"},{"name":"赵智淼","id":"赵智淼","time":"2019-01-09T11:31:02.847Z"},{"name":"赵智淼","id":"赵智淼","time":"2019-01-09T11:31:08.643Z"},{"name":"赵智淼","id":"赵智淼","time":"2019-01-09T11:42:27.785Z"},{"name":"赵智淼","id":"赵智淼","time":"2019-01-09T11:42:53.016Z"},{"name":"赵智淼","id":"赵智淼","time":"2019-01-09T11:44:57.210Z"},{"name":"赵智淼","id":"赵智淼","time":"2019-01-09T11:46:05.043Z"},{"name":"赵智淼","id":"赵智淼","time":"2019-01-09T12:21:33.155Z"},{"name":"赵智淼","id":"赵智淼","time":"2019-01-12T08:18:55.869Z"},{"name":"赵智淼","id":"赵智淼","time":"2019-01-12T08:19:09.586Z"},{"name":"赵智淼","id":"赵智淼","time":"2019-01-12T08:19:21.278Z"},{"name":"赵智淼","id":"赵智淼","time":"2019-01-12T08:20:43.351Z"},{"name":"赵智淼","id":"赵智淼","time":"2019-01-12T08:21:05.144Z"},{"name":"赵智淼","id":"赵智淼","time":"2019-01-12T08:21:38.990Z"},{"name":"赵智淼","id":"赵智淼","time":"2019-01-12T08:21:53.158Z"},{"name":"赵智淼","id":"赵智淼","time":"2019-01-12T08:25:34.376Z"},{"name":"赵智淼","id":"赵智淼","time":"2019-01-12T08:32:19.517Z"},{"name":"赵智淼","id":"赵智淼","time":"2019-01-14T23:59:05.202Z"},{"name":"赵智淼","id":"赵智淼","time":"2019-01-14T23:59:09.864Z"},{"name":"赵智淼","id":"赵智淼","time":"2019-01-15T00:02:34.152Z"},{"name":"赵智淼","id":"赵智淼","time":"2019-01-15T00:03:39.754Z"},{"name":"赵智淼","id":"赵智淼","time":"2019-01-15T00:04:11.056Z"},{"name":"赵智淼","id":"赵智淼","time":"2019-01-15T00:18:45.513Z"},{"name":"赵智淼","id":"赵智淼","time":"2019-01-15T01:42:05.189Z"},{"name":"赵智淼","id":"赵智淼","time":"2019-01-15T01:42:10.340Z"},{"name":"赵智淼","id":"赵智淼","time":"2019-01-15T05:26:15.952Z"},{"name":"赵智淼","id":"赵智淼","time":"2019-01-15T05:28:20.039Z"},{"name":"赵智淼","id":"赵智淼","time":"2019-01-16T00:05:24.670Z"},{"name":"赵智淼","id":"赵智淼","time":"2019-01-16T00:19:55.455Z"},{"name":"赵智淼","id":"赵智淼","time":"2019-01-16T00:21:30.582Z"},{"name":"赵智淼","id":"赵智淼","time":"2019-01-16T00:25:20.195Z"},{"name":"赵智淼","id":"赵智淼","time":"2019-01-16T03:37:15.667Z"},{"name":"赵智淼","id":"赵智淼","time":"2019-01-16T05:24:36.205Z"},{"name":"赵智淼","id":"赵智淼","time":"2019-01-16T08:35:29.217Z"},{"name":"赵智淼","id":"赵智淼","time":"2019-01-16T08:41:02.340Z"},{"name":"赵智淼","id":"赵智淼","time":"2019-01-16T09:41:10.769Z"},{"name":"赵智淼","id":"赵智淼","time":"2019-01-17T08:27:02.070Z"},{"name":"赵智淼","id":"赵智淼","time":"2019-01-17T09:16:51.783Z"},{"name":"赵智淼","id":"赵智淼","time":"2019-01-17T11:33:58.906Z"},{"name":"赵智淼","id":"赵智淼","time":"2019-01-17T11:44:29.230Z"},{"name":"赵智淼","id":"赵智淼","time":"2019-01-18T00:28:09.415Z"},{"name":"赵智淼","id":"赵智淼","time":"2019-01-18T00:29:14.103Z"},{"name":"赵智淼","id":"赵智淼","time":"2019-01-18T06:53:43.634Z"},{"name":"赵智淼","id":"赵智淼","time":"2019-01-18T06:57:52.796Z"},{"name":"赵智淼","id":"赵智淼","time":"2019-01-18T06:58:26.384Z"},{"name":"赵智淼","id":"赵智淼","time":"2019-01-18T07:22:57.516Z"},{"name":"赵智淼","id":"赵智淼","time":"2019-01-18T07:39:25.748Z"},{"name":"赵智淼","id":"赵智淼","time":"2019-01-19T10:57:26.380Z"},{"name":"赵智淼","id":"赵智淼","time":"2019-01-20T00:23:02.428Z"},{"name":"赵智淼","id":"赵智淼","time":"2019-01-20T01:30:15.169Z"},{"name":"赵智淼","id":"赵智淼","time":"2019-01-20T07:56:15.826Z"},{"name":"赵智淼","id":"赵智淼","time":"2019-01-20T08:14:50.396Z"},{"name":"赵智淼","id":"赵智淼","time":"2019-01-20T08:21:53.625Z"},{"name":"赵智淼","id":"赵智淼","time":"2019-01-20T08:53:08.704Z"},{"name":"赵智淼","id":"赵智淼","time":"2019-01-20T08:54:01.959Z"},{"name":"赵智淼","id":"赵智淼","time":"2019-01-20T08:54:51.570Z"},{"name":"赵智淼","id":"赵智淼","time":"2019-01-20T09:05:26.300Z"},{"name":"赵智淼","id":"赵智淼","time":"2019-01-20T09:11:46.781Z"},{"name":"赵智淼","id":"赵智淼","time":"2019-01-20T09:13:31.665Z"},{"name":"赵智淼","id":"赵智淼","time":"2019-01-20T09:16:07.857Z"},{"name":"赵智淼","id":"赵智淼","time":"2019-01-20T09:20:19.433Z"},{"name":"赵智淼","id":"赵智淼","time":"2019-01-20T09:21:46.933Z"},{"name":"赵智淼","id":"赵智淼","time":"2019-01-20T09:22:53.053Z"},{"name":"赵智淼","id":"赵智淼","time":"2019-01-20T09:23:10.326Z"},{"name":"赵智淼","id":"赵智淼","time":"2019-01-21T01:15:12.521Z"},{"name":"赵智淼","id":"赵智淼","time":"2019-01-21T01:27:55.033Z"},{"name":"赵智淼","id":"赵智淼","time":"2019-01-21T01:35:02.730Z"},{"name":"赵智淼","id":"赵智淼","time":"2019-01-21T01:40:21.006Z"},{"name":"赵智淼","id":"赵智淼","time":"2019-01-21T05:27:34.439Z"},{"name":"赵智淼","id":"赵智淼","time":"2019-01-21T05:29:52.715Z"},{"name":"赵智淼","id":"赵智淼","time":"2019-01-21T05:41:46.765Z"},{"name":"赵智淼","id":"赵智淼","time":"2019-01-21T05:43:52.464Z"},{"name":"赵智淼","id":"赵智淼","time":"2019-01-21T05:55:51.242Z"},{"name":"赵智淼","id":"赵智淼","time":"2019-01-21T06:03:01.495Z"},{"name":"赵智淼","id":"赵智淼","time":"2019-01-21T06:03:41.377Z"},{"name":"赵智淼","id":"赵智淼","time":"2019-01-21T06:03:51.867Z"},{"name":"赵智淼","id":"赵智淼","time":"2019-01-21T09:59:03.595Z"},{"name":"赵智淼","id":"赵智淼","time":"2019-01-21T11:49:41.680Z"},{"name":"赵智淼","id":"赵智淼","time":"2019-01-21T12:03:33.198Z"},{"name":"赵智淼","id":"赵智淼","time":"2019-01-21T12:21:14.202Z"},{"name":"赵智淼","id":"赵智淼","time":"2019-01-21T12:23:10.528Z"},{"name":"赵智淼","id":"赵智淼","time":"2019-01-21T12:27:33.183Z"},{"name":"赵智淼","id":"赵智淼","time":"2019-01-21T12:28:15.220Z"},{"name":"赵智淼","id":"赵智淼","time":"2019-01-21T12:57:12.447Z"},{"name":"赵智淼","id":"赵智淼","time":"2019-01-21T12:59:49.711Z"},{"name":"赵智淼","id":"赵智淼","time":"2019-01-21T13:02:50.057Z"},{"name":"赵智淼","id":"赵智淼","time":"2019-01-21T13:05:26.913Z"},{"name":"赵智淼","id":"赵智淼","time":"2019-01-21T13:05:53.413Z"},{"name":"赵智淼","id":"赵智淼","time":"2019-01-21T13:06:47.173Z"},{"name":"赵智淼","id":"赵智淼","time":"2019-02-21T03:10:41.286Z"},{"name":"赵智淼","id":"赵智淼","time":"2019-02-21T03:27:29.990Z"},{"name":"赵智淼","id":"赵智淼","time":"2019-02-21T10:11:07.390Z"},{"name":"赵智淼","id":"赵智淼","time":"2019-02-21T10:20:13.403Z"},{"name":"赵智淼","id":"赵智淼","time":"2019-02-21T10:20:22.115Z"},{"name":"赵智淼","id":"赵智淼","time":"2019-02-21T11:22:49.875Z"},{"name":"赵智淼","id":"赵智淼","time":"2019-02-21T11:28:40.622Z"},{"name":"赵智淼","id":"赵智淼","time":"2019-02-21T13:01:15.994Z"},{"name":"赵智淼","id":"赵智淼","time":"2019-02-21T13:02:34.655Z"},{"name":"赵智淼","id":"赵智淼","time":"2019-02-21T13:15:21.549Z"},{"name":"赵智淼","id":"赵智淼","time":"2019-02-22T00:57:02.107Z"},{"name":"赵智淼","id":"赵智淼","time":"2019-02-22T00:57:14.474Z"},{"name":"赵智淼","id":"赵智淼","time":"2019-02-22T12:11:00.185Z"},{"name":"赵智淼","id":"赵智淼","time":"2019-02-22T12:12:54.634Z"},{"name":"赵智淼","id":"赵智淼","time":"2019-02-22T12:20:17.980Z"},{"name":"赵智淼","id":"赵智淼","time":"2019-02-22T12:21:06.037Z"},{"name":"赵智淼","id":"赵智淼","time":"2019-02-22T12:21:45.656Z"},{"name":"赵智淼","id":"赵智淼","time":"2019-02-22T12:39:39.687Z"},{"name":"赵智淼","id":"赵智淼","time":"2019-02-22T12:40:03.496Z"},{"name":"赵智淼","id":"赵智淼","time":"2019-02-24T04:01:14.193Z"},{"name":"赵智淼","id":"赵智淼","time":"2019-02-24T04:38:52.088Z"},{"name":"赵智淼","id":"赵智淼","time":"2019-02-24T04:39:24.771Z"},{"name":"赵智淼","id":"赵智淼","time":"2019-02-24T04:56:16.219Z"},{"name":"赵智淼","id":"赵智淼","time":"2019-02-24T04:56:21.327Z"},{"name":"赵智淼","id":"赵智淼","time":"2019-02-24T06:39:29.706Z"},{"name":"赵智淼","id":"赵智淼","time":"2019-02-24T06:49:05.741Z"},{"name":"赵智淼","id":"赵智淼","time":"2019-02-24T06:54:16.006Z"},{"name":"赵智淼","id":"赵智淼","time":"2019-02-24T06:57:41.739Z"},{"name":"赵智淼","id":"赵智淼","time":"2019-02-24T07:04:26.813Z"},{"name":"赵智淼","id":"赵智淼","time":"2019-02-24T09:22:09.589Z"},{"name":"赵智淼","id":"赵智淼","time":"2019-02-25T00:22:30.813Z"},{"name":"赵智淼","id":"赵智淼","time":"2019-02-25T07:18:16.325Z"},{"name":"赵智淼","id":"赵智淼","time":"2019-02-25T09:53:10.260Z"},{"name":"赵智淼","id":"赵智淼","time":"2019-02-25T11:30:56.422Z"},{"name":"赵智淼","id":"赵智淼","time":"2019-02-25T12:07:32.456Z"},{"name":"赵智淼","id":"赵智淼","time":"2019-02-25T12:08:41.702Z"},{"name":"赵智淼","id":"赵智淼","time":"2019-02-25T12:53:49.911Z"},{"name":"赵智淼","id":"赵智淼","time":"2019-02-25T12:54:05.184Z"},{"name":"赵智淼","id":"赵智淼","time":"2019-02-26T04:34:53.940Z"},{"name":"赵智淼","id":"赵智淼","time":"2019-02-26T06:05:49.639Z"},{"name":"赵智淼","id":"赵智淼","time":"2019-02-26T09:00:53.141Z"},{"name":"赵智淼","id":"赵智淼","time":"2019-02-26T09:01:53.959Z"},{"name":"赵智淼","id":"赵智淼","time":"2019-02-26T10:58:50.831Z"},{"name":"赵智淼","id":"赵智淼","time":"2019-02-26T11:17:54.448Z"},{"name":"赵智淼","id":"赵智淼","time":"2019-02-26T11:28:54.987Z"},{"name":"赵智淼","id":"赵智淼","time":"2019-02-26T11:55:19.180Z"},{"name":"赵智淼","id":"赵智淼","time":"2019-02-26T11:57:45.121Z"},{"name":"赵智淼","id":"赵智淼","time":"2019-02-26T12:18:54.330Z"},{"name":"赵智淼","id":"赵智淼","time":"2019-02-26T12:19:44.115Z"},{"name":"赵智淼","id":"赵智淼","time":"2019-02-26T12:19:59.043Z"},{"name":"赵智淼","id":"赵智淼","time":"2019-02-26T12:22:34.354Z"},{"name":"赵智淼","id":"赵智淼","time":"2019-02-26T12:24:47.573Z"},{"name":"赵智淼","id":"赵智淼","time":"2019-02-26T12:35:14.135Z"},{"name":"赵智淼","id":"赵智淼","time":"2019-02-26T12:35:37.097Z"},{"name":"赵智淼","id":"赵智淼","time":"2019-02-26T12:36:00.542Z"},{"name":"赵智淼","id":"赵智淼","time":"2019-02-26T12:36:18.758Z"},{"name":"赵智淼","id":"赵智淼","time":"2019-02-26T12:36:54.817Z"},{"name":"赵智淼","id":"赵智淼","time":"2019-02-26T12:39:02.795Z"},{"name":"赵智淼","id":"赵智淼","time":"2019-02-26T12:40:50.417Z"},{"name":"赵智淼","id":"赵智淼","time":"2019-02-26T23:52:10.069Z"},{"name":"赵智淼","id":"赵智淼","time":"2019-02-26T23:58:00.891Z"},{"name":"赵智淼","id":"赵智淼","time":"2019-02-27T00:02:36.630Z"},{"name":"赵智淼","id":"赵智淼","time":"2019-02-27T00:13:39.505Z"},{"name":"赵智淼","id":"赵智淼","time":"2019-02-27T00:14:20.691Z"},{"name":"赵智淼","id":"赵智淼","time":"2019-02-27T00:25:38.447Z"},{"name":"赵智淼","id":"赵智淼","time":"2019-02-27T00:26:48.689Z"},{"name":"赵智淼","id":"赵智淼","time":"2019-02-27T00:27:44.728Z"},{"name":"赵智淼","id":"赵智淼","time":"2019-02-27T00:29:15.985Z"},{"name":"赵智淼","id":"赵智淼","time":"2019-02-27T02:36:01.192Z"},{"name":"赵智淼","id":"赵智淼","time":"2019-02-27T02:45:23.466Z"},{"name":"赵智淼","id":"赵智淼","time":"2019-02-27T02:46:02.643Z"},{"name":"赵智淼","id":"赵智淼","time":"2019-02-27T02:47:52.903Z"},{"name":"赵智淼","id":"赵智淼","time":"2019-02-27T05:56:56.570Z"},{"name":"赵智淼","id":"赵智淼","time":"2019-02-27T05:57:04.705Z"},{"name":"赵智淼","id":"赵智淼","time":"2019-02-27T06:03:50.480Z"},{"name":"赵智淼","id":"赵智淼","time":"2019-02-27T06:04:41.871Z"},{"name":"赵智淼","id":"赵智淼","time":"2019-03-02T09:34:00.317Z"},{"name":"赵智淼","id":"赵智淼","time":"2019-03-08T02:35:12.340Z"},{"name":"赵智淼","id":"赵智淼","time":"2019-03-08T06:19:46.758Z"},{"name":"赵智淼","id":"赵智淼","time":"2019-03-08T09:13:19.409Z"},{"name":"赵智淼","id":"赵智淼","time":"2019-03-08T09:14:12.667Z"},{"name":"赵智淼","id":"赵智淼","time":"2019-03-08T09:15:11.110Z"},{"name":"赵智淼","id":"赵智淼","time":"2019-03-09T04:40:42.483Z"},{"name":"赵智淼","id":"赵智淼","time":"2019-03-09T07:28:14.119Z"},{"name":"赵智淼","id":"赵智淼","time":"2019-03-09T07:39:04.316Z"},{"name":"赵智淼","id":"赵智淼","time":"2019-03-09T07:45:30.117Z"},{"name":"赵智淼","id":"赵智淼","time":"2019-03-09T08:06:40.662Z"},{"name":"赵智淼","id":"赵智淼","time":"2019-03-09T08:10:28.705Z"},{"name":"赵智淼","id":"赵智淼","time":"2019-03-09T08:12:04.825Z"},{"name":"赵智淼","id":"赵智淼","time":"2019-03-09T08:12:35.323Z"},{"name":"赵智淼","id":"赵智淼","time":"2019-03-09T08:13:27.695Z"},{"name":"赵智淼","id":"赵智淼","time":"2019-03-09T08:26:31.418Z"},{"name":"赵智淼","id":"赵智淼","time":"2019-03-09T08:28:59.429Z"},{"name":"赵智淼","id":"赵智淼","time":"2019-03-09T08:29:03.993Z"},{"name":"赵智淼","id":"赵智淼","time":"2019-03-09T08:33:16.735Z"},{"name":"赵智淼","id":"赵智淼","time":"2019-03-10T06:21:13.210Z"},{"name":"赵智淼","id":"赵智淼","time":"2019-03-10T07:05:41.211Z"},{"name":"赵智淼","id":"赵智淼","time":"2019-03-10T07:10:55.516Z"},{"name":"赵智淼","id":"赵智淼","time":"2019-03-10T07:11:06.234Z"},{"name":"赵智淼","id":"赵智淼","time":"2019-03-10T07:12:24.822Z"},{"name":"赵智淼","id":"赵智淼","time":"2019-03-10T07:19:27.189Z"},{"name":"赵智淼","id":"赵智淼","time":"2019-03-10T07:30:29.419Z"},{"name":"赵智淼","id":"赵智淼","time":"2019-03-10T07:34:48.855Z"},{"name":"赵智淼","id":"赵智淼","time":"2019-03-10T08:02:19.219Z"},{"name":"赵智淼","id":"赵智淼","time":"2019-03-10T08:02:59.729Z"},{"name":"赵智淼","id":"赵智淼","time":"2019-03-10T08:03:44.366Z"},{"name":"赵智淼","id":"赵智淼","time":"2019-03-11T03:14:49.022Z"},{"name":"赵智淼","id":"赵智淼","time":"2019-03-11T03:15:59.632Z"},{"name":"赵智淼","id":"赵智淼","time":"2019-03-11T05:43:01.233Z"},{"name":"赵智淼","id":"赵智淼","time":"2019-03-11T06:32:44.834Z"},{"name":"赵智淼","id":"赵智淼","time":"2019-03-11T06:43:13.519Z"},{"name":"赵智淼","id":"赵智淼","time":"2019-03-12T03:22:28.226Z"},{"name":"赵智淼","id":"赵智淼","time":"2019-03-12T05:26:39.457Z"},{"name":"赵智淼","id":"赵智淼","time":"2019-03-12T06:40:23.343Z"},{"name":"赵智淼","id":"赵智淼","time":"2019-03-12T07:57:28.384Z"},{"name":"赵智淼","id":"赵智淼","time":"2019-03-12T08:26:34.592Z"},{"name":"赵智淼","id":"赵智淼","time":"2019-03-12T08:52:55.064Z"},{"name":"赵智淼","id":"赵智淼","time":"2019-03-12T08:59:52.281Z"},{"name":"赵智淼","id":"赵智淼","time":"2019-03-12T09:03:58.171Z"},{"name":"赵智淼","id":"赵智淼","time":"2019-03-12T09:19:10.248Z"},{"name":"赵智淼","id":"赵智淼","time":"2019-03-12T09:21:26.546Z"},{"name":"赵智淼","id":"赵智淼","time":"2019-03-12T09:23:31.403Z"},{"name":"赵智淼","id":"赵智淼","time":"2019-03-12T09:24:48.660Z"},{"name":"赵智淼","id":"赵智淼","time":"2019-03-12T09:25:33.098Z"},{"name":"赵智淼","id":"赵智淼","time":"2019-03-12T09:26:47.179Z"},{"name":"赵智淼","id":"赵智淼","time":"2019-03-12T09:38:20.701Z"},{"name":"赵智淼","id":"赵智淼","time":"2019-03-12T09:41:20.655Z"},{"name":"赵智淼","id":"赵智淼","time":"2019-03-12T09:45:43.051Z"},{"name":"赵智淼","id":"赵智淼","time":"2019-03-12T09:46:56.419Z"},{"name":"赵智淼","id":"赵智淼","time":"2019-03-12T10:11:02.886Z"},{"name":"赵智淼","id":"赵智淼","time":"2019-03-12T11:03:36.631Z"},{"name":"赵智淼","id":"赵智淼","time":"2019-03-12T11:04:24.566Z"},{"name":"赵智淼","id":"赵智淼","time":"2019-03-12T11:05:04.137Z"},{"name":"赵智淼","id":"赵智淼","time":"2019-03-12T11:05:17.543Z"},{"name":"赵智淼","id":"赵智淼","time":"2019-03-12T11:06:11.749Z"},{"name":"赵智淼","id":"赵智淼","time":"2019-03-13T00:09:34.826Z"},{"name":"赵智淼","id":"赵智淼","time":"2019-03-13T00:14:52.138Z"},{"name":"赵智淼","id":"赵智淼","time":"2019-03-13T06:12:31.314Z"},{"name":"赵智淼","id":"赵智淼","time":"2019-03-13T06:12:48.582Z"},{"name":"赵智淼","id":"赵智淼","time":"2019-03-13T09:28:24.027Z"},{"name":"赵智淼","id":"赵智淼","time":"2019-03-13T09:31:51.109Z"},{"name":"赵智淼","id":"赵智淼","time":"2019-03-13T09:34:00.522Z"},{"name":"赵智淼","id":"赵智淼","time":"2019-03-16T08:37:15.402Z"},{"name":"赵智淼","id":"赵智淼","time":"2019-03-17T01:31:12.267Z"},{"name":"赵智淼","id":"赵智淼","time":"2019-03-17T01:58:30.849Z"},{"name":"赵智淼","id":"赵智淼","time":"2019-03-17T02:11:39.813Z"},{"name":"赵智淼","id":"赵智淼","time":"2019-03-17T02:12:57.665Z"},{"name":"赵智淼","id":"赵智淼","time":"2019-03-17T02:22:29.934Z"},{"name":"赵智淼","id":"赵智淼","time":"2019-03-17T02:27:07.371Z"},{"name":"赵智淼","id":"赵智淼","time":"2019-03-17T02:27:54.604Z"},{"name":"赵智淼","id":"赵智淼","time":"2019-03-17T02:30:37.022Z"},{"name":"赵智淼","id":"赵智淼","time":"2019-03-19T02:37:55.609Z"},{"name":"赵智淼","id":"赵智淼","time":"2019-03-19T02:44:32.302Z"},{"name":"赵智淼","id":"赵智淼","time":"2019-03-19T07:22:32.062Z"},{"name":"赵智淼","id":"赵智淼","time":"2019-03-19T07:28:50.401Z"},{"name":"赵智淼","id":"赵智淼","time":"2019-03-24T07:06:31.119Z"},{"name":"赵智淼","id":"赵智淼","time":"2019-03-24T07:11:34.389Z"},{"name":"赵智淼","id":"赵智淼","time":"2019-03-24T07:12:41.023Z"},{"name":"赵智淼","id":"赵智淼","time":"2019-03-24T07:13:19.671Z"},{"name":"赵智淼","id":"赵智淼","time":"2019-03-24T07:26:50.497Z"},{"name":"赵智淼","id":"赵智淼","time":"2019-03-24T07:29:28.516Z"},{"name":"赵智淼","id":"赵智淼","time":"2019-03-24T07:43:32.357Z"},{"name":"赵智淼","id":"赵智淼","time":"2019-03-24T07:47:20.497Z"},{"name":"赵智淼","id":"赵智淼","time":"2019-03-24T08:14:30.439Z"},{"name":"赵智淼","id":"赵智淼","time":"2019-03-24T08:14:43.001Z"},{"name":"赵智淼","id":"赵智淼","time":"2019-03-24T08:15:34.196Z"},{"name":"赵智淼","id":"赵智淼","time":"2019-03-24T08:15:58.046Z"},{"name":"赵智淼","id":"赵智淼","time":"2019-03-24T08:44:21.448Z"},{"name":"赵智淼","id":"赵智淼","time":"2019-03-24T08:44:39.193Z"},{"name":"赵智淼","id":"赵智淼","time":"2019-03-24T08:45:32.022Z"},{"name":"赵智淼","id":"赵智淼","time":"2019-03-24T08:47:13.138Z"},{"name":"赵智淼","id":"赵智淼","time":"2019-03-24T08:47:31.945Z"},{"name":"赵智淼","id":"赵智淼","time":"2019-03-24T08:48:18.253Z"},{"name":"赵智淼","id":"赵智淼","time":"2019-03-24T08:52:56.838Z"},{"name":"赵智淼","id":"赵智淼","time":"2019-03-24T23:20:04.145Z"},{"name":"赵智淼","id":"赵智淼","time":"2019-03-24T23:42:12.538Z"},{"name":"赵智淼","id":"赵智淼","time":"2019-03-24T23:45:25.749Z"},{"name":"赵智淼","id":"赵智淼","time":"2019-03-24T23:48:56.841Z"},{"name":"赵智淼","id":"赵智淼","time":"2019-03-28T02:35:09.137Z"},{"name":"赵智淼","id":"赵智淼","time":"2019-03-28T02:58:09.658Z"},{"name":"赵智淼","id":"赵智淼","time":"2019-03-28T03:11:26.621Z"},{"name":"赵智淼","id":"赵智淼","time":"2019-03-28T03:12:42.487Z"},{"name":"赵智淼","id":"赵智淼","time":"2019-03-28T04:40:46.503Z"},{"name":"赵智淼","id":"赵智淼","time":"2019-03-28T04:45:38.835Z"},{"name":"赵智淼","id":"赵智淼","time":"2019-03-28T05:02:35.944Z"},{"name":"赵智淼","id":"赵智淼","time":"2019-03-29T10:40:30.505Z"}]},{"createTime":"2019-03-19T23:11:31.900Z","creator":"赵智淼","creatorID":1,"title":"表格测试","history":[{"name":"赵智淼","id":"赵智淼","time":"2019-03-19T23:11:31.901Z"},{"name":"赵智淼","id":"赵智淼","time":"2019-03-20T02:02:33.376Z"},{"name":"赵智淼","id":"赵智淼","time":"2019-03-20T02:09:18.277Z"},{"name":"赵智淼","id":"赵智淼","time":"2019-03-20T02:59:56.718Z"},{"name":"赵智淼","id":"赵智淼","time":"2019-03-20T03:00:21.724Z"},{"name":"赵智淼","id":"赵智淼","time":"2019-03-20T07:04:17.253Z"},{"name":"赵智淼","id":"赵智淼","time":"2019-03-21T00:51:15.936Z"},{"name":"赵智淼","id":"赵智淼","time":"2019-03-21T01:22:44.131Z"},{"name":"赵智淼","id":"赵智淼","time":"2019-03-21T05:37:50.633Z"},{"name":"赵智淼","id":"赵智淼","time":"2019-03-22T05:44:23.161Z"},{"name":"赵智淼","id":"赵智淼","time":"2019-03-23T09:19:02.167Z"},{"name":"赵智淼","id":"赵智淼","time":"2019-03-23T10:55:24.293Z"},{"name":"赵智淼","id":"赵智淼","time":"2019-03-23T10:56:08.704Z"},{"name":"赵智淼","id":"赵智淼","time":"2019-03-24T06:01:22.249Z"},{"name":"赵智淼","id":"赵智淼","time":"2019-03-24T06:08:28.177Z"},{"name":"赵智淼","id":"赵智淼","time":"2019-03-24T06:14:21.741Z"},{"name":"赵智淼","id":"赵智淼","time":"2019-03-24T06:15:33.042Z"},{"name":"赵智淼","id":"赵智淼","time":"2019-03-24T06:18:48.057Z"}]},{"createTime":"2019-03-28T05:30:52.929Z","creator":"赵智淼","creatorID":1,"title":"系统方案管理","history":[{"name":"赵智淼","id":"赵智淼","time":"2019-03-28T05:30:52.929Z"},{"name":"赵智淼","id":"赵智淼","time":"2019-03-28T05:34:47.112Z"},{"name":"赵智淼","id":"赵智淼","time":"2019-03-28T05:36:17.953Z"},{"name":"赵智淼","id":"赵智淼","time":"2019-03-28T07:25:03.870Z"},{"name":"赵智淼","id":"赵智淼","time":"2019-03-28T08:10:08.191Z"},{"name":"赵智淼","id":"赵智淼","time":"2019-03-28T08:13:01.519Z"},{"name":"赵智淼","id":"赵智淼","time":"2019-03-28T08:14:16.554Z"},{"name":"赵智淼","id":"赵智淼","time":"2019-03-28T09:39:32.071Z"},{"name":"赵智淼","id":"赵智淼","time":"2019-03-28T09:48:59.371Z"},{"name":"赵智淼","id":"赵智淼","time":"2019-03-28T09:51:58.795Z"}]},{"createTime":"2019-03-28T09:59:06.825Z","creator":"赵智淼","creatorID":1,"title":"请假登记","history":[{"name":"赵智淼","id":"赵智淼","time":"2019-03-28T09:59:06.825Z"},{"name":"赵智淼","id":"赵智淼","time":"2019-03-29T10:42:51.773Z"}]},{"createTime":"2019-03-28T10:00:18.737Z","creator":"赵智淼","creatorID":1,"title":"请假审核","history":[{"name":"赵智淼","id":"赵智淼","time":"2019-03-28T10:00:18.737Z"},{"name":"赵智淼","id":"赵智淼","time":"2019-04-01T06:31:27.142Z"},{"name":"赵智淼","id":"赵智淼","time":"2019-04-01T06:38:00.459Z"},{"name":"赵智淼","id":"赵智淼","time":"2019-04-01T06:39:28.502Z"},{"name":"赵智淼","id":"赵智淼","time":"2019-04-01T06:41:51.012Z"},{"name":"赵智淼","id":"赵智淼","time":"2019-04-01T06:43:57.889Z"},{"name":"赵智淼","id":"赵智淼","time":"2019-04-01T06:45:18.904Z"},{"name":"赵智淼","id":"赵智淼","time":"2019-04-01T06:46:13.781Z"},{"name":"赵智淼","id":"赵智淼","time":"2019-04-01T06:46:33.217Z"},{"name":"赵智淼","id":"赵智淼","time":"2019-04-01T06:47:07.453Z"},{"name":"赵智淼","id":"赵智淼","time":"2019-04-01T07:07:53.341Z"},{"name":"赵智淼","id":"赵智淼","time":"2019-04-01T08:06:28.816Z"},{"name":"赵智淼","id":"赵智淼","time":"2019-04-01T08:34:09.203Z"},{"name":"赵智淼","id":"赵智淼","time":"2019-04-01T08:41:41.014Z"},{"name":"赵智淼","id":"赵智淼","time":"2019-04-01T08:42:57.781Z"},{"name":"赵智淼","id":"赵智淼","time":"2019-04-01T08:54:46.943Z"},{"name":"赵智淼","id":"赵智淼","time":"2019-04-02T00:04:12.996Z"},{"name":"赵智淼","id":"赵智淼","time":"2019-04-02T00:58:36.189Z"},{"name":"赵智淼","id":"赵智淼","time":"2019-04-02T01:02:26.865Z"},{"name":"赵智淼","id":"赵智淼","time":"2019-04-02T01:07:02.722Z"},{"name":"赵智淼","id":"赵智淼","time":"2019-04-02T01:22:30.271Z"},{"name":"赵智淼","id":"赵智淼","time":"2019-04-02T01:23:42.117Z"},{"name":"赵智淼","id":"赵智淼","time":"2019-04-02T01:25:09.474Z"},{"name":"赵智淼","id":"赵智淼","time":"2019-04-02T01:28:31.056Z"},{"name":"赵智淼","id":"赵智淼","time":"2019-04-02T02:44:22.850Z"},{"name":"赵智淼","id":"赵智淼","time":"2019-04-02T06:44:35.502Z"},{"name":"赵智淼","id":"赵智淼","time":"2019-04-02T07:01:36.717Z"},{"name":"赵智淼","id":"赵智淼","time":"2019-04-02T07:27:39.691Z"},{"name":"赵智淼","id":"赵智淼","time":"2019-04-02T07:32:26.037Z"},{"name":"赵智淼","id":"赵智淼","time":"2019-04-02T08:56:28.787Z"},{"name":"赵智淼","id":"赵智淼","time":"2019-04-02T09:46:23.131Z"},{"name":"赵智淼","id":"赵智淼","time":"2019-04-02T23:20:16.088Z"},{"name":"赵智淼","id":"赵智淼","time":"2019-04-02T23:24:06.096Z"}]}]}